0,1
-4.405032431728491,-2.2430572593226983
7.687656183192742,-2.6917118529719906
-6.1383474533188815,-1.787108822541499
-5.539048916752619,-2.000306686838883
-5.865849843062915,-2.024272068399036
-6.087295460923471,-2.2335639687993005
-5.875802137718926,-1.6935502229253812
-5.232323746199635,-1.9969611516416668
-4.720947479166844,-1.7962595377875181
-5.567486403720036,-2.2377549140913833
-5.5585532111300235,-1.6678453849775456
-3.2233418922049095,-1.9604485915402128
-5.213814194694224,-2.441908288690372
-5.1734155277145835,-1.639074584531096
-4.34685828127615,-0.46392941922202197
16.520601234491988,7.825330056948879
22.828711855030186,14.500002093940806
-4.556913421338473,0.10795478460600823
-3.0275250783929537,-1.1154264644552339
-5.182696076359877,-1.762344927158599
-5.905047624080605,-1.5515902901250662
-4.574459873354003,-1.0768374790192974
-5.446622310497373,-1.2113739182042893
-5.4279867206905985,-1.6033647031751392
-0.26106180927806055,-3.188258998763075
-5.21996324011753,-1.8303947936268181
-4.1517074748271,-2.7331538720180566
-4.160956805647704,-0.8419872058292487
-6.035153848147378,-2.340031216081727
0.14227038329931221,0.38725839193652567
-5.55720199379188,-1.6392484033569696
-5.981358352945187,-2.0526059448212117
-5.854160574317923,-1.9449144829444578
-6.0880071266591775,-2.1247014141680536
2.5315511249597846,-0.4994319716744011
-4.899846743593463,-1.3876937723666878
-5.546437957654959,-1.6033345206691791
-5.523755446997772,-1.9486260315292856
-5.727920675306165,-1.8624531532917092
-5.541641373581887,-1.750129680491708
-4.841442988856653,-2.3656651497464796
-4.48985840877552,-1.7329804970556353
-5.693999721729854,-2.073212347554375
-5.749939615255708,-1.933754399948636
-4.956149373116705,-1.867457694375916
-5.258925896271122,-1.7299144019410309
-5.33265067598641,-1.868709122642783
-4.007847148507501,-1.6304536126481082
-5.4130368998775085,-2.076045711935462
-2.831659893368684,-1.95825511338403
-4.918441294996874,-2.1090807499559365
-1.9965744649057056,-0.1702654967969516
-5.306253426864687,-1.7616105260361632
-3.9416894559391014,-1.5892835744025928
-5.693157861085283,-1.9031615969860534
-2.2171660755129277,-1.4832881843426033
-4.800983065004166,-1.7441235247483269
-5.325590776883383,-2.1295701331896875
-5.255392736552721,-1.8853357100846126
-5.203589117436978,-1.8997220692410537
-1.663846753825099,-1.4315883776412792
-4.203721082147576,-1.4043682329633784
-4.4279607356986475,-1.0540571233343792
-5.455094567367373,-1.9658417593639508
-4.25462411069504,-1.3105749584462745
-5.889859784854433,-1.7702265214186528
-5.113002339787229,-1.5012801624101328
-5.802769946597544,-2.3215646278917696
-5.507675377486506,-1.6789583975937157
-4.500801768477386,-0.9137681244230021
-2.941305151157515,-1.9889769059457147
3.2387310453810896,-2.840825609297384
-1.7062015639820403,-1.4567730462726378
-3.0456957858157825,-1.5998111061484366
-3.5010616663988143,-1.1567066730083302
-5.264616752423893,-1.9094401334957731
-5.624907984731009,-1.9440214397809177
-6.014354001537739,-2.1723774173420463
-6.2048396531737104,-1.4323507805232596
-3.392453717082513,-1.5141209641401445
-3.8568031136564915,-0.9805860498348459
-4.496128420705481,-2.116138360028899
-5.046558677906672,-1.9902236131727424
-5.774725704467011,-1.957506607100842
-5.808486898761354,-1.9564600771080853
-5.426102473086375,-2.24755238281845
-5.427020835226657,-2.074178296316919
-1.0454778546563965,-1.8992206125038986
-0.26683101850525603,-0.9396356186264005
-5.400735621497494,-1.588573036436476
-4.657436030371509,-1.0639794754828704
-0.5337965564013141,1.0946603006948585
-5.3547222540202295,-1.8789437931337016
-5.364014828780083,-1.8339335225859754
-3.192950606571843,2.4825330461321897
-2.247409986225587,-1.1934245294902344
5.28146502650148,1.150450494236744
-3.3685829415709545,-1.5142417369071675
-0.07363156648478078,-2.26205806177893
-6.075974431144087,-2.1736994059071817
-6.109897398102443,-0.9054992994330873
-5.224791880896204,-0.8867842901827309
-3.5261192992338377,-0.17359199995391997
-5.10530246861438,-2.018397357873824
-4.663025285114878,-1.6208796462721937
-5.567947826663889,-0.5804835892885575
-5.876535738805361,-1.3772074713634987
-4.814779652533841,-1.8495142963610354
-5.695266894958021,-1.3965370597001114
-5.6959467567018445,-1.3634203293307132
-5.807415228894343,-1.8230487385506922
-1.770171302070384,-1.8510807814295682
-3.2483815914711758,-1.46653848864389
-5.332649066539908,-2.1106426275888923
-4.303934865326746,-1.2800029677108695
-5.391863694761677,-1.4768699957796938
-2.965323716719112,-1.360677981411605
-4.924474438398462,-2.0571237208710706
-5.082488685567265,-2.1880120260955374
-5.490165919430818,-1.717377019363291
-4.317984544281789,-1.7992225308057492
-5.05250640407342,-1.203483165300109
-2.6649246612115585,0.33962497485572796
-0.3794812346741045,-1.3386053068611103
-4.26340640364074,-1.9439543200573859
-4.431078662335794,-1.5787347402063086
-5.810116232906242,-2.063853523326371
-1.5222579007983867,-1.376237695844831
-4.961525011834837,-1.729918048991311
-4.904617480083546,-2.1837767770082386
-5.984458338012631,-2.1892432692833164
-4.80881757213084,-1.7501776546375072
-3.560900179569967,-1.828289701592445
-3.3522656921055414,-0.8807119888917826
-5.335935242579699,-2.1096303077182954
-5.89153241563009,-1.9419429121195328
-3.059500557317196,-1.7215553576039524
-5.714469817318487,-1.4510759179248784
-0.8348340311214534,-0.40848688612019773
-5.767454601010388,-2.063061207708017
-6.2654011888613885,-2.405792801199776
-5.1920970325055595,-2.0680009662160357
-5.2478820937026684,-1.8114188297136506
-2.4455699340336214,-0.020414463781738872
-0.9816893421182086,-0.6770976413309544
-4.651955497774959,-1.51022113892011
-1.4519898267537177,-1.1270061804351958
10.68770316644829,4.476114913637528
-1.0058537523944797,0.014627493822566019
-4.571770864804945,-1.5737452261132172
-1.8309382866902073,-1.2391710713232298
3.541081301109345,0.5177968473301503
-2.4258150167853954,-0.5499454076381936
-4.132790580299075,-0.9151250097221633
-0.9655597522588982,-0.13464192550409915
-1.8539996831226182,-0.8481904471100616
-3.9763700943993276,-1.2517040560940307
4.259902699428629,1.2763255515892307
-2.884162169285072,-1.9349736867561662
0.3971012732920242,-1.6468809265243525
-2.925920527450411,-2.1393965829741464
-5.316997754822414,-1.7243112367143665
5.4256560692562825,0.1704863453582542
-5.695081321446786,-1.673984784225009
-1.2512024217138515,-0.906684637778196
-5.034855913128317,-2.3663139406011497
-2.496867362179374,-1.5519464545599844
-3.9401249401453553,-1.995639661176249
-3.824701134085185,-1.868519417314323
-2.009430427471775,-1.7883013808066621
-1.8774099670646733,-2.055112410601609
2.7691573948807005,0.5500437586826072
-5.17355676032333,-2.17407692601428
-3.074271161293032,-1.2182926558774265
-1.5605902670767267,-0.7821527537533951
-2.1505139767138366,-0.8785012118828396
-5.309478649033759,-1.5838388600140663
-4.9640968470903815,-1.544969889972241
-4.748788224596624,-2.0624423083850614
-5.427581386284237,-2.0052112612071165
-3.675538614547746,-1.2423263851788389
-4.524150107689036,-2.1008742154849336
14.495719999535497,8.854366605971954
-5.573092463264142,-1.9451682118522209
-6.230133356847429,-2.131640448135496
-6.181206053904208,-2.231656639752935
-4.294028460979555,-0.9044545281882117
-5.403132220962235,-1.971249588274675
-4.715573473947717,-0.493866663007123
-5.120738381546948,-1.781486156854367
-5.981760776407694,-2.118891948713468
-5.668422833214475,-1.2864370427436356
-3.8561336609589416,-1.2825923423279642
-4.80291615994099,-2.0242308766989328
-4.035684344831072,-1.6834876884249426
-5.79894628101386,-1.7975569561022164
-5.670438722102721,-1.9812920991393579
-5.979465632521233,-1.9529347751471688
-5.635543690378656,-1.9001971322082305
-0.15107127835283282,2.786172735330792
-4.874503317933782,-1.7859237914064183
-5.706679272311382,-1.7460689034228545
-5.638499611807577,-1.6597730258431045
-2.7655280385298573,-1.7606274859767013
-6.012476742169674,-1.8743648306131624
-5.4643790685355444,-2.331371364153291
-5.938142278444604,-2.0551210606479557
-2.898496088497356,-2.1205778524528793
-5.567238303009386,-1.626260474245953
-4.719126545269713,-2.126454429018651
-5.675384196876279,-2.266204408568382
-3.3754625689763045,-1.3596489145554314
-2.6099466974634296,-0.6767575274333918
-2.9347787559322738,-0.30422376107052834
-0.8654241010965154,-0.5630318018854144
-5.34083576859092,-1.7657267326495119
-4.634933830256119,-1.933726880894683
-5.434510055869896,1.4809753531466696
-3.361437639296951,-1.2945508809495325
-5.465914845791729,-2.005172767575607
-3.9300830706920213,-1.6042612459196135
-4.317763729441529,-2.1247895777031087
1.2856179771488387,-2.7922586578079462
-4.036136047134653,-1.7270407737141675
-5.215030115522116,-1.327167261925129
-5.640571732210045,-2.2051600672518585
-1.1344087379224574,-1.9379025503821448
-2.0469190651905502,-2.566176688902933
-6.064071526074026,-2.237072227685672
-5.449091005687503,-1.8799594260402557
-4.9359548054030435,-1.2661882158642104
0.22766321199025133,-0.7203303139259216
-5.003942875547389,-1.8338742451752847
-4.817988451838537,-1.9506199551977192
-5.490665369532265,-1.8795656245730346
-2.8134629236395936,-1.6352343089809989
-4.093990228952943,-1.1608587664190597
-0.4668310305467581,-1.3112918145103452
-5.795123781191349,-2.4404556479561785
-4.728383830513334,-1.674530791668862
-3.689189185555992,-1.2311677252600175
-5.567632508447369,-1.6423781213726358
-2.8498911727037495,-1.0622145431618004
-1.8499192062282783,-0.24593333823403363
-0.31174013010490437,-1.295596905792632
-5.67333279601694,-2.1891683320224398
0.2101479898734747,-1.5654343081553825
-1.8712581392260985,-2.7228609277510896
-5.586117756496299,-1.8641573716483966
-4.638267761643515,-0.9449604910233037
-6.014409467969252,-1.5816696216371329
-5.974677950187836,-2.112022672869805
-3.9348894567399126,-2.2218001206247213
1.2629753694561356,-1.6849456168531003
-5.424946163259465,-1.9591812271339848
-5.893147942680622,-1.919605578865517
-5.541778157894612,-1.3084505786860725
-4.598789893171931,-1.808196443159411
-6.195213705496778,-1.2453540476123632
-5.274484895141902,-2.2880115427553585
-4.420376375474383,-2.23782775480481
-5.360038023924843,-2.0432876394883155
-5.383805784755847,-1.8298193843770132
-4.921906040765787,-1.554295904049567
-3.268788846167273,-1.5085839003122883
-4.48801772455202,-1.796253512540276
-5.214730824357272,-1.9090825954317634
6.05993698449051,0.6023118278080352
2.0442954244967515,1.2896868292831727
-2.6832316796023714,-0.9654766218172613
9.318176285342236,0.025287378443108705
-5.39766653477843,-2.144437195656487
-3.377830147885026,0.41730427312721885
-4.680831761921082,-2.3816016845092034
-5.588728967517839,-1.7520154600801428
7.030081452085021,1.1653363541238473
-3.574603426364009,-1.2515546525980703
-5.667235647313577,-1.9084052032637142
-5.04608539822146,-1.7077215071118355
-1.220230473959847,-1.4738423965468581
-4.51174978289708,-1.7088956572193719
-5.4877053498938855,-2.2634750397712633
-5.445177840224127,-2.014501975583056
-4.253753072400566,-0.7149925943337291
-5.719085919561508,-1.9356608015197503
-3.008729619767252,-1.0634814565318227
-5.549613440767582,-1.608186271615354
-5.25676651345739,-2.094661727368788
-4.732494638963069,-1.2027297013188534
-3.9904448943750874,-0.38494398216677883
-5.849965948115329,-2.417791243048805
-5.056474045676718,-2.1334929779755663
-5.195381655178431,-1.9132331443672586
-5.592858189302783,-2.2353444784121783
-5.594068561648502,-2.374343889609852
4.669654473911234,-0.29177606559224945
-5.155266587716349,-1.923282797462899
-5.482848657215204,-1.5388793584636267
-3.0194823215929265,-1.538733045844533
-2.812599791545077,-1.7597085516120423
-5.857317504384657,-2.2048239774669183
-5.027813520673925,-1.9898784415704072
0.9459785370159173,-0.9074669453856256
-4.102168945670535,-0.5354695233462902
-3.594654799828449,-1.2507497152765998
-5.1993615129675534,-2.0897295762111834
-3.250178718516325,-0.6253247830703172
-5.872064135950492,-1.0732444879724379
-5.1455138965347,-2.076455525574139
-4.894924879356601,-1.2731658179064436
-5.824869594928538,-1.399844346912919
-1.7814721653495011,-0.5045168258626723
14.768566992584658,7.575472523782852
-3.7407493736810262,-2.433317258527172
3.2918677596222805,-0.11598993900625697
-5.739626752893436,-1.724293582118882
18.011423870706132,1.5445658881629676
-5.7166937721106255,-2.0641791738701465
-5.429343997091045,-1.7719356770004917
-3.0466541526322155,-1.320424542473361
-5.812878502441169,-2.128760104552162
-6.227986112750187,-1.7419353512444788
-5.169016590138057,-1.5447390211265275
-4.015680904213182,-0.9939006200694223
-5.120571626550548,-1.7946793651339108
-5.62878117707851,-2.327976674296106
-4.817226481958281,-2.2189522270175424
-3.482861978190577,-1.2785569668647656
-3.4132746700943017,-0.6334503246161793
-5.321833757560837,-1.959175644178673
-5.492141206047371,-0.4376063840349112
-1.9383654744159096,-2.6731733887014224
19.58259499557362,-5.649947221088625
-5.603764570432881,-2.1164300625136487
-4.58779162841273,-2.129915195046445
-5.343769341091819,-1.438040885000469
-4.966107624484993,-1.8410747918156791
-5.406479474425937,-2.086359724478953
-4.853870664444656,-2.199276289911143
-5.2388522322830875,-1.7934864928278358
-4.675671968661243,-1.3564139586313133
-4.89671146648425,-2.0311494309904594
-4.112967880944156,-2.534288757856136
-5.62364078873428,-1.8212969594274921
1.391147599936551,0.3664345791832066
-5.992139682508166,-1.5093674088272286
-2.3372412347167257,-0.5674267842531582
7.389068842126222,2.558305497974493
-5.480402655450873,-1.721697600215913
30.64208156976929,0.912907369202993
14.030685807912436,20.29026821739501
-5.657570645754689,-1.6238497876614097
-5.971100511876905,-1.5210353326915202
-3.7543710363202045,-0.30802897044908983
-6.063375352188746,-2.054897114822935
-5.2142359987313665,-1.701361189298087
-3.579625414549673,-0.6647985149485633
-4.614682254604525,-2.3211181569808224
-1.7670949465514445,-1.576094572745427
-5.852174081775221,-1.5231639241412995
0.38739531540272615,-1.5041485758835287
3.4789299462147363,0.5034088683281985
-5.598071457883959,-2.121883394416451
-5.391564756654792,-2.3820174380615056
-6.047942587012114,-2.2367946179459013
-5.34812310277597,-2.216082317668298
-3.8815318228742566,-1.8430886189378337
-5.661921534467328,-1.8479765634343046
-4.514452416979671,-2.273995921914377
-5.409048452406359,-1.8205865343278669
-3.3786599615698765,-1.1232058487466967
-5.691831821664993,-1.8141042660512006
0.4390135592495936,1.038879946086562
-4.978166891368252,-2.492762243773735
-5.6259841425911565,-1.9001007376981411
-5.51442296384233,-1.734681384859349
-4.296240090813431,-1.643223198234724
-5.6861497554924565,-1.9978024632798514
-5.479332774076998,-1.4589937378601483
-3.8653074925169926,-1.4369570259542315
-5.200882343332778,-1.4494409533556756
-0.09591712290789425,-0.22077803592743997
0.944243936845222,13.808519027494803
-3.657548527904408,-1.6561768620441712
-5.854812072068599,-1.5788354024126543
-4.255543131921842,-1.7889394893817818
-4.868245783747153,-1.4302637485582057
-4.068546373000237,-1.9136370587846383
-4.739005249341446,-2.349635435230707
-4.028392631689734,-1.5958312043319431
-2.4492734446559146,0.32130528031907357
-5.876670777595265,-2.073787893473609
-5.547990384362383,-1.7369042095783427
-6.027386954669848,-1.771876156769144
-2.0879626188354945,-1.6433335602757917
-4.548382986223728,-1.4564914902865167
-4.123437410211138,-1.1009900102759473
-5.397517190262573,-2.2486636309974566
-5.156914887851944,-1.515246488411669
-3.490108480081256,-1.4756514720065959
-5.28956229526089,-1.921626421575202
-6.146757807992239,-2.282957155632365
-5.045114893734039,-1.85551807371066
-5.774938977303202,-1.9881200040465035
-2.8877137675503017,-1.3878378887260772
-4.662598552848567,-1.929831611859167
-5.563942508213619,-2.0651117575468008
-2.5898652313415536,-0.6805800339413751
-5.32627311854932,-1.6152709673952645
-4.508390497853147,-1.6962497224208126
-5.750200331839245,-1.963205877372465
-5.498479650499907,-1.7439121662804213
-6.208596309465109,-2.0169996048626055
-5.978897727775765,-1.9300079010303817
-0.29348087647592075,-0.29805984234091754
-6.431364017501383,-2.0221151901530576
-5.6078006492949095,-1.6700999425586247
-2.6888228292985987,-1.468111177423289
1.9264179165121802,0.5074226923599642
-5.578569317457268,-1.7525645872044604
6.222764407169215,0.43479340860631716
-3.0259817301576395,-0.8178714783574726
-3.3655084376969846,-1.2444603754644592
0.8503100842696509,0.10501653479054962
-1.6536783422871073,-0.9090064529788924
-1.874656085428447,-0.8592073943523761
-4.381818247743381,-2.2077280690207726
8.33651592543201,2.5386772078203763
-1.5972093976289397,-0.9581050366437127
-1.5371060297550305,-0.9183381937454406
9.397180259046067,1.5098580940406285
10.000042087358835,1.6501313770317585
-2.7173990388822173,-1.6208272810656235
85.90223934100017,23.306264913441595
-5.225502695262057,-1.554240763055348
-5.46900091785101,-1.5519408793502216
-6.130495137242062,-1.734625450008969
-3.258924155572831,-1.7040371997936223
-5.404950046875682,-1.9218389306180306
-4.730070051299577,-1.6440403356444333
-5.572583367555978,-1.9097035238198987
-4.071680700721281,-2.132297404294313
-4.6191042224053716,-2.2217512926367857
-5.558149614729721,-1.429571093869807
-1.3409631812841518,-1.799255811602473
-6.034431900839665,-2.274573545869091
-5.572393989914261,-1.9271351382233086
2.062412802196723,1.6407009700131987
-5.652405686982962,-2.1884707118216298
-4.979964821433581,-1.8699566334458042
-4.650141836767178,-1.775707040959616
-5.2038685356882155,-1.6160946474289022
-5.082632599698845,-1.5828920226180718
-4.236131600730197,-1.1905103204161984
-5.624719131915479,-1.9623616858228483
6.343084492288051,3.09786099234346
-2.5152443956549857,-0.006810732079364359
-5.079226255607748,-2.3035372268406027
-5.914518079295319,-1.9539272986804772
-5.662599250303964,-1.632595420216717
-3.8265134376817356,-1.7608094808531172
-5.3414238543689745,-1.9983744791307965
-5.019326962590194,-0.910121466004486
7.20288891309337,5.066618105230253
-5.4091413631644265,-2.0372112898840777
-4.634884341487731,-1.4760781600933117
-1.3072456548941458,-1.7670484845746555
-4.306091371487819,-1.2431285250256616
-5.075402392216191,-1.0294478581640338
-1.403929337068091,-0.17975614421520097
-3.571957534041923,-0.8435164419195171
-5.382453505084838,-2.1375024164434495
-5.0902141897263675,-2.4876704542607984
-2.3358522786123976,-2.151732944463059
-4.342582261032082,-1.007856886274872
-2.994517473920563,-1.0399939280308366
0.2597039871965986,-0.030403131839793374
-5.470498244564968,-2.4542623004153317
-3.940883728391177,-1.8262086144090965
-5.497292673792403,-1.82978266092
0.332289654685532,-0.5675116826271149
-5.805984130955683,-1.5456469129339878
-5.674370344134304,-2.1952879177909788
-6.5117247709821395,-2.33195900405439
-4.740704543689419,-1.922172165489086
-3.9213119629348467,-1.43338837638845
-5.393414677513243,-1.667114179525572
-5.152423408610459,-1.886927194902546
-4.720355177649786,-1.8706770810734714
-3.5934412785634424,-1.8395390501575797
-3.3576013329089918,-2.0444138809794574
-4.295090673833252,-1.800967466871282
-1.755826501882408,-0.9174054069867286
0.045381638418318174,-0.920686124089476
-6.159552534200878,-1.7253930261898573
-5.045430190634083,-2.267517467462272
-5.90670575296805,-2.1555935705697364
-1.3936408381901881,-0.7265808820306386
-6.201311284757367,-2.025354521080656
-3.5305973347884385,-1.768641620662587
-3.025948852198228,-1.4027764495139827
-0.17260302769381786,-0.03590121949580695
-5.812082397550769,-1.8757854468607458
-6.094510445246726,-2.271887892407138
-5.316935309133857,-1.8944937736467244
-5.611514711560965,-2.159921749248051
-5.9089492560449814,-1.603681678383186
-5.954738877604398,-2.0443649014731524
-3.80952104206579,-1.4899617694234848
-5.320461844155194,-1.6375572529761313
-2.281728582851055,0.0940608694310973
-5.07137504777788,-1.3746426268030534
-6.203432359360057,-2.2055325633720626
-5.552878083403285,-2.1560600018502214
-6.051492869140187,-2.072406008810615
-5.246979125368023,-1.6040721829941522
-5.085876194852744,-2.5502356404352353
-4.729640414349179,-1.3246266570110872
-4.485352931424617,-2.1587770353398965
-5.644558336938847,-2.346195910766259
-5.09810114614594,-1.9740724047294729
-4.319814679254167,-1.2984736514620463
-5.452484874717917,-2.0227151980484455
0.591356231729496,-1.9642613442210677
-5.438292318863351,-1.5725937683966298
-1.2922738264342581,-0.9044511202560848
-5.663064220722186,-1.8239483170253683
-1.5589329738913236,-2.504428478575225
-6.1855871838920145,-1.9086291829104751
-5.21106491380638,-2.2265001298540072
-4.826256740711448,-1.9154187443996444
-5.860381520495418,-1.6442572323507878
-4.8774447278557505,-1.9056845045240454
-3.40368410053188,-0.34933195397955863
-3.5678758765667533,-2.8660927051389185
-5.830725757873275,-1.5807601913286147
-5.610106731375032,-1.8051666522952672
-6.236666810153529,-1.8499721051781288
-6.014313063717059,-1.8880195758321243
-1.8045599241929,-0.2687592795596472
-3.7742593777905484,-2.11986769621321
5.898478182278427,1.4601087535303658
-6.373065495931323,-1.7761873361052674
-5.715005073897828,-1.703116372065281
-4.227112181448249,-1.7096683851567913
-5.923732284659597,-1.6695056465725138
-5.598785283327517,-1.764547600428842
-4.540173713469531,-1.9516221059971985
-5.128622488514674,-1.5098858516659044
-5.060000468433636,-2.0986161606421274
2.5197561498122467,2.53664414144235
-3.466975041328886,-1.6546363808517741
-1.4634131217512394,-0.03158529578541996
-4.701272984878508,-1.391810807709154
-3.732517477234911,-2.429275064730201
-4.902047132780028,-1.081345874704237
-5.953927155773428,-2.1723926587985787
-4.732892039426488,-2.4548454381390536
-3.2059777363158104,-2.012363024863857
-5.045433160722204,-1.4709649853322406
-1.5970565108965729,-1.3113173345039322
-4.59591440032788,-2.532844718612226
-3.657216113120332,-0.1973218386010386
123.68975962622734,27.5079036617774
3.4303369992359167,-0.1774724713884703
8.1265544862553,0.8805436342891558
-4.25366420731941,-1.954652772582292
-5.312436688291744,-2.2729932417697296
-5.192120843491021,-1.7779279369647094
-5.479719596259214,3.076692227444694
-3.7090872979690848,-1.5389559561399013
-4.204013526590325,-1.8875467349655326
24.105415950432157,4.919783840192651
-4.387642993983356,-1.5550159282202896
-5.586642780809837,-2.1546575711332707
-5.118448024399605,-1.988193302063398
-4.216950009800275,-2.1963364721164513
-3.889788215755916,-1.4781389230978768
-6.086253009842784,-1.70099573892086
-4.784171086555988,-2.062425593848952
-5.0155495924775995,-1.3306197389382943
-4.005806292447538,-2.4046475086181394
-4.441756792180998,-2.2142162373959957
-5.5810275883164895,-2.168063196182991
-4.842062704995893,-1.9527863855021999
0.044836780831470656,-1.2152691172871748
-4.9557113123764065,-2.1935103211162934
-5.6089909678080465,-1.868198954331218
-3.098191442024149,-0.9740307979336038
-4.127623474282941,-2.065263736546165
-5.92171219748369,-1.9514704562452054
-4.8860040799562405,-1.6617260387928614
7.346015681777401,-0.609315587324602
1.6217640866001117,-0.404956160709906
-5.538856653044164,-1.6803341156872063
-5.699917961001878,-2.197720034307076
-3.7716608731336616,-0.6347499712154041
2.264874169061204,-0.8451320779242598
-5.826149871853586,-2.1438900914725005
-3.214611682912334,-1.945820947718543
-4.464557958131331,-1.8311064267227326
-1.061043043359113,-0.5015077206351813
-4.468784163872738,-1.7690066602403445
-5.747118630785424,-1.7918729392922945
-5.393954992990583,-1.7844948315347218
-5.946995817537094,-2.1260029687554574
-1.1055932517017528,-1.5608555098491521
-1.8475589056329924,-2.9985166481240904
-4.991911568424859,-2.4336631842264667
-0.8583352691021578,1.522106427040002
-5.087634886226309,-1.973676800274721
-5.44766946161718,-1.4697673853936004
-4.461309947905494,-2.0099156984498676
-5.700705616600655,-2.036396502652375
-5.928477472498803,-2.1256382944602694
5.379573518977628,-0.5943611075059717
-3.6458640958355946,-1.9216091579141372
-5.429190541824937,-2.2235407352511305
-2.895203260187461,-1.806777738429249
-4.258171064793063,-2.0697115752816346
-5.088908765128205,-1.3560050160639012
-4.762922799081176,-2.3449613264735905
0.34363136388995763,-1.5435162042175088
-4.2950806713831,-2.5146044613425005
-6.132321770122518,-2.148539090155252
-3.6848102933451923,0.08535250625549831
-1.924025118383498,0.6852519246177861
-4.92861454406057,-1.553023192783933
-6.145745846921958,-2.241551002800313
11.728488087208873,-4.01779670539649
-3.049845589263206,-0.8322408340624641
-4.312874146157903,-1.5944845809356998
-6.372003888065954,-2.060674848061721
-2.7239459715313608,-2.3750481515390316
-6.030288877737797,-1.887021682872449
-4.731664011849103,-1.7784316031616867
-5.26668564790173,-1.4462491862821225
-5.791200967222046,-1.7838329165847902
-5.115273829403589,-1.5847503189812802
-6.3664244683722675,-1.4808525735029738
-5.908059243649847,-2.3070258330457825
-5.935909218951554,-1.7285944482787563
-5.10815548342225,-2.428321231849834
-2.2372865892438907,-0.6178106565233081
-3.595950588963645,-1.5511068595121655
-3.564259065646664,-1.7265451149333597
-5.344150819022002,-2.1781328106222184
-5.699420295081498,-2.029759844445443
-5.843345803419506,-2.2767775009693634
-4.373207933403536,-1.67089728141916
-4.243937640742562,-2.0828851673473516
-4.820186706089026,-2.1413317422779863
-5.858388043773816,-1.554949781630443
-5.364583501486753,-1.175981716006433
-5.883367469865956,-2.336092463414645
-2.9895063869747616,-1.2487711687208431
-5.584654718326867,-1.2137956330647848
-5.090236227056636,-2.054507224681383
-3.113255986439186,-2.311632448834508
-4.754297245529923,-2.0693621285200967
-4.705255970137058,-1.7223122072116366
-5.719946701485254,-1.9321757474158392
17.31319044544529,4.181357269588751
-3.927607619531262,-1.809281366767554
-0.7572761689685483,-1.9808862274626724
0.6862634297110182,-1.547415402740958
-5.859464281537662,-2.250293349504528
-5.707026296267297,-1.495898127387481
-6.0294081745310075,-2.2658606153742906
-5.799034496869425,-2.2344419917684233
-5.504784860665026,-1.5931043611666116
-5.959687231999727,-1.592002100568365
-5.84875696774035,-1.9173056398842578
-5.566634458817126,-0.3091364121454212
-5.4804855392427845,-1.6857928466470522
-4.524889460220042,-1.5449011736798872
-5.462689478367353,-1.6130849675972523
-2.3354529144834797,1.177851865388934
-1.72464266375689,0.27524960714513674
-5.271082582611478,-2.0097346211309732
-4.583327959810644,-1.546343222396726
-3.552696369379757,-0.9503751243724586
-4.468351084478112,-1.403703071131618
-2.3609366767068005,-1.0115388608180025
-5.127186009578617,-1.6511192619769075
-5.581031450706694,-1.43988901663851
-4.430969995845028,-2.428996925018306
-3.1576692431813487,3.5397230368230397
-3.2229522234860317,-1.73886478280635
-4.883187179996106,-1.3861640692258184
-5.0185506995916045,-1.3564446814762106
52.482397683924994,5.057199276982616
169.01527173609668,-2.252059648563018
-6.276935519582133,-2.048810125239333
-5.609590412671595,-2.2340527558896954
-3.9981298031800048,-2.578241653563703
-5.592725782241791,-2.1483213155365815
-5.240736553867706,-1.429687648254975
-5.884552384270648,-2.405244126142856
6.730038623530594,0.15144550130742976
-6.539934170232909,-2.33975813785546
-5.587648453869502,-0.11210268836047385
-5.252510108753261,-1.9537513374940128
-4.259722558307508,-0.993311962502745
10.847621029122402,-5.2515346964633
-4.637347896959375,-1.8431875299647813
-6.322283088049682,-2.3091122741348378
11.602676237063337,3.2882219220855373
-2.8997684624108504,-1.274554927109112
-4.123953591589724,-1.3802875095651999
-5.191808258321336,0.2774317243446587
9.009852099572589,-1.591853394091164
-5.382172590594212,-1.9529628563888703
-5.50090291937814,-2.067931861490241
-4.009341840811509,-0.894103849676558
69.2637388130626,-1.0258539318085094
-4.62450802023527,-1.943705837526666
-1.644246799843379,-2.0577174070831314
7.919929192188006,4.738872995168837
-0.03112046896398076,4.4320145467733
-5.803742878602759,-1.5220923854874113
-5.293643725179417,-1.3057883209447465
-1.6590672973315521,-1.6434771114097588
-3.1214632158001328,-1.4941193791251306
-3.0596305714946883,-1.0374069986512766
-5.64239998321728,-2.2775241983536954
-1.8562960540098026,-0.9581482231836058
-5.596424510323507,-2.032958910848462
-5.983746822286999,-2.122658992111066
-5.6254383364505385,-2.1853773438370925
-5.953310392983473,-2.1847200122458217
-5.4732516834694405,-2.0166599609181115
-5.827761097226017,-1.5814699664472447
-3.890326787283651,-2.1023975348079156
-2.5974356247099735,-1.5073265782487384
-5.906672573826047,-2.2864644977599076
-6.150209080568104,-1.3354999396693237
-5.633756905747114,-1.649872728307464
-5.795286477713029,-1.6528151202197148
-5.994831412965011,-1.9295741986274786
-5.853010792880705,-1.672569231820308
-3.096707704332547,-0.21474193242857015
129.67897331214297,38.65875562809118
0.8026380899496508,-0.6247802042066524
-5.025160663754408,-1.2282978095301917
11.508152826519527,1.4111351395346379
-5.856542896053327,-1.8092301367850803
-4.490648226001852,-2.0085169187222625
-2.996451147803646,-2.91937059109785
-4.536927189743781,-1.4237691987368692
-5.560970432990184,-1.6572120114297966
-4.756009861685739,-2.4172605903207103
-5.309683421675862,-2.4077072028706605
-3.006510460457259,-1.3437675172826062
-3.7499758954645213,-1.4779021162470993
-5.638178503867741,-2.072610899135337
-2.2332960849378503,-1.6666641122902721
-5.014082423641729,-2.0329007889748585
-5.186560856516699,-1.5253013964781015
-5.430093868751988,-2.218811536786044
-3.9683628176989525,-1.9644397778812897
-4.968064418112472,-2.126352255436291
-5.186434218801426,-1.8846073205632685
-5.125266475003335,-1.6661784433239262
-4.7858164346323235,-2.013744335576341
-5.6326099680946395,-2.115233970586346
-4.518657674267261,-1.673978836202452
0.13866504767860058,6.722119944755756
2.3983334846333255,0.2977336765781215
-5.636494825653917,-2.273886280732677
-5.804365291374234,-2.177065787917107
-5.167926491992042,-1.5569781854692917
-3.6786984004711356,-0.04344028295297699
-5.453317124222631,-1.6640381994681424
-5.652789657892626,-2.10290268099289
-5.464817715516725,-2.145828315761465
-0.13161453999422426,-3.079555025895132
-5.250348809862409,-2.3285159299832845
-4.496233767335067,-2.003720235362719
-4.217934593033392,0.6767606892872706
-5.857241721734773,-1.7129328270415067
-5.55098852853363,-1.926540663725016
-5.7260375760243125,-1.7008101463473215
0.34332060827381883,-0.6575911366117878
-5.817517740994927,-2.085142286658629
-4.859912040013069,-1.790346216643409
-0.6867517436682803,0.015895521991254127
-4.6338091650223765,-1.3535872572389187
-5.241459396489032,-1.6722466884664664
-4.36717622325852,0.03635863913346586
-4.452662202438604,-1.6603783367093192
9.141239149887523,5.265865402343313
6.947417218937119,5.7489872297113545
-4.263597051177817,-0.7818675278712106
-3.4457830544612986,-1.477647954864356
7.9948328481494695,-2.815266447509281
-4.1214959322445015,-1.7422212963587687
-5.165610765778413,-1.838041339228226
-5.270338959714049,-1.2884810780803808
-1.7285490188911037,-1.0366363475493412
-5.248223204624494,-2.2928944077693227
-6.032644527651818,-2.197686533398327
-4.965052216035795,-1.7232676283801673
-5.958510261593336,-2.0564444873208676
-5.07006100096371,-1.450559964696204
2.675808649684421,-0.7110832519030723
-5.687795273583743,-2.2423614426315517
2.4882989917229583,-2.3031324603599495
-5.567209676568209,-2.0763887609489413
-4.518098930289885,-1.5591380291835957
-5.054166620912298,-1.4187579365188967
-5.491857773983031,-2.1187526290014085
-5.3453230949841934,-1.8251205070964256
-4.820035082070221,-2.0418199288388617
4.467469212795256,0.23104161113202953
-5.540918853024993,-1.6610228473028625
-2.9340573612792564,-1.5441772812710652
-2.9403832581493488,-1.7773973402149994
12.596371852776663,2.3809473176676597
-3.5560229083031443,-1.4897774979720895
2.2051861172973584,1.7105411897495997
-5.041786667887027,-1.1376482903357104
-2.90388063960612,-1.8248834620472234
-5.434519729936354,-1.704543042587673
-2.462979513989104,-0.07054894731465855
-5.934255953340716,-2.0335724737630407
-0.9918878615777706,-2.34060263731363
-0.9309464977025286,0.5802188065580025
-5.480142583082726,-1.5178468880670406
-5.874402018464477,-2.2931601401977404
-5.569941769242535,-1.8447515369278227
1.7945213477054953,0.6243690303219774
-5.050103809670394,-1.3798985509613884
-3.1757886006261575,-0.057553078020106806
-4.86543714708415,-0.7391690623151981
-5.553195565962093,-1.5145754340836735
2.326816863561868,-0.2947140532651582
-4.877371059570195,-1.2849932397351267
-1.424057741897358,-0.50315227882982
-4.56565759881931,-1.3885711435458423
-5.272700824444716,-2.093393062342987
-4.625995490827302,-1.9631790136453173
-1.86215160292348,-0.2804285034367843
-6.037044933106393,-1.868830398887546
-4.804459175866216,-1.2408389272222855
-4.346884394131807,-1.2628406130056746
-4.378422675384487,-2.0168609791936607
-5.612878897067563,-1.8605749867634909
-5.049472193278425,-2.201450622287236
-2.814893374350572,-2.810072750261322
-4.597332572227154,-1.7274313033150037
-6.164617605880721,-2.0158396473487135
-4.985562018466325,-1.7365101572505817
-5.9457296653558425,-2.0289558344836265
-2.615435950283727,-1.793406503838178
5.716918652765279,0.455841786364748
14.144747693592025,0.04794555903267392
18.03372921840018,-0.6436629725867662
-5.071275686768305,-1.8880224030470125
-4.240989996537659,-1.682075169394526
-5.617468439822761,-1.9681053191134616
42.5354049160044,-4.235680246063173
6.137876972060323,-0.6293060873529116
-3.6200150486240052,-1.8055767770202176
-0.27092647236357603,7.920623905056912
-5.829813152810655,-2.1680835761175468
-2.4805973433091606,-0.9685730561152659
-0.34222613118805295,-0.9692559036491433
-4.9314451997547595,-1.978587549530561
-3.8155578405915693,-2.3226774477702867
-1.2224026308946152,-2.1974901461908
828.6746940595756,-136.2558401143861
-5.521263216261007,-2.1018006852424476
-4.801002085518699,-1.3272615806560157
-5.7805268336266735,-1.459833357326253
3.7157166498872023,-0.556441828105862
-4.464727921491741,-0.9037965096552504
-4.4640262953987015,-2.4546585737253075
-5.826510602569542,-2.000904988998132
3.252729349663488,3.149198552827664
-6.189584835510808,-0.12884161444930847
11.66142372266982,3.844578890994901
-1.6855369404395377,-1.4880039702984869
-4.727501219981742,-1.5417105095566068
-5.993679896834791,-1.7438863038648413
-5.574637070429136,-2.380236392203484
-5.597829943445718,-2.1436983983332243
-0.995756025368308,-3.3342468097531928
-4.089742785145705,-2.4448651907207224
-5.460862839508018,-1.9121672475975993
-4.845480491004471,-2.5049751144692736
-3.3716196374029495,-2.1681739709876346
-5.70910178411373,-1.562126988487762
-5.769168412653849,-1.7554296566682217
-5.383910934844196,-2.1012265542127566
-5.78635411792966,-2.0142758407402566
-4.1180475131589205,-1.4439732530482865
-5.933636840660262,-2.1708473751400277
-4.456841640171186,-1.4917654872333626
-5.431406667285003,-1.3896890185382904
3457.801407753911,-577.8518012115698
-2.322393796945604,-1.0709565404747874
-6.027568422343891,-1.805407452375286
-5.1381924790444495,-2.0380463130903195
-4.53520188346353,-1.859734187824742
-3.42793723585827,-2.0012675779552156
-6.026412482710958,-2.0701146369500876
-4.847144217074249,-1.884470194611128
-4.713611033133534,-2.301063456480507
-2.5432376958513516,-1.0006524046752647
-5.682194427372854,-1.6540832027811614
-2.7670019886637127,-1.9201524626839852
-5.1687936106204075,-0.6501142145529569
-4.590497928623295,-2.027760203084514
-5.048381487498344,-1.6516712424987468
-5.790557601525501,-2.322591105702012
-0.9844277016727302,-0.15505749594034143
7.252955513278527,-1.5769527033611221
-5.02166521558964,-1.0693798083923232
-5.813078616813797,-1.7767258006071218
-2.0587044579272127,-1.3298854230896928
-5.6511403057095295,-0.28109992263022404
-1.6834284059950853,0.47261142401147466
1.0336920080087786,0.5063823044116154
-6.372812890085396,-1.7644421017964418
-5.161913401548206,-1.7561487975452437
-6.035678879598405,-1.4941751577935272
-5.086359745102288,-2.062084488116739
-4.640807204204866,-2.1916705785301365
-4.172738746001676,-2.0056757459807413
-5.802236283028114,-2.2702186871593026
2.3074879267126573,-2.3674866559645626
-0.19241981779806763,-0.6695040680304225
-4.929360601735708,-1.2439745709966186
-5.981271082865888,-1.657140725961641
-5.407139554694072,-2.07881677058136
-5.618385060369239,-2.0766159269299043
-5.427249821841201,-2.084104137434934
-0.07412685741215096,0.5106545760996054
-4.857490518563881,-2.2814999835930294
-2.91691868136969,-2.1210471188221978
-4.240070456049085,-1.4240959305501604
-5.44718276874874,-1.9923689638024038
-4.853271022028996,-1.7605841159680409
-4.179758123643206,-1.2186105083436596
-5.158485816406497,-2.0213261147207784
-4.8044280294218575,-1.2231548503387253
-5.628904205093317,-1.7655667306485274
-5.592124991679834,-2.54113889775377
-5.815012734141594,-2.1053065716246624
-6.083563037080922,-2.2480897877634654
-5.449848975242538,-1.5017462610798011
-2.504780173427178,-1.1390633782190343
-1.8930023169249917,-0.21954841757767052
-5.185096470735894,-1.1295402677795976
-4.150974703410766,-1.1875004987121922
-1.8735095224773959,-1.1877025259433287
-4.218297831528685,-1.8043283905144258
-5.072652041265929,-2.252644501045972
-5.8588659681724025,-1.5986159657969603
-0.7812554990647652,-0.4012011868460741
-4.909799130521753,-2.4550361689705276
-4.074273388015913,-1.979881684744463
-4.384247660464143,-1.9141949139239454
-5.376448081057887,-2.08463607460227
-5.616869345118246,-1.5497776699563406
2.2840287370914414,-0.7982043071976501
-4.271810206490439,-2.512040461668605
-4.0229045304252145,-1.7273255894852928
-5.369363239383829,-2.393097329926761
-6.507450647405082,-1.0217881494009127
-6.177585681890008,-2.362472166449693
-3.0225846062960278,-2.329625916612582
-5.391605291532176,-1.4963673290588668
-5.896851932659119,-1.5722373230961721
-6.011715315059602,-2.035746886994612
-2.917781227041584,-1.082682358139194
-5.967506946162328,-2.325455877996155
-5.814456258862065,-2.0054135691710404
-5.253904681097902,-1.883148836520863
-5.76663021107741,-2.190630552584242
-5.931464442596446,-2.454707173090448
-6.155254777663341,-2.108811550059931
-0.46445789035135304,-2.323633348339776
-3.6922199593727654,-1.7032424978167753
-4.64473067568304,-1.6718281075213983
-2.531706187357695,-0.8355070006625079
-5.669210227574676,-2.208174957354155
-5.625836117479271,-1.7895883764924922
-5.835150481140132,-2.231110692887943
-3.4373303258638095,-1.8602098984163393
-4.954711648410743,-1.9249637408123568
-3.7883649165454125,-1.2458624228513695
-5.6705515262414545,-2.353113715343879
-6.248414474246488,-1.7060377517193979
-5.621009222267142,-1.6558556889323768
-5.806016628058759,-1.6644826085539242
-5.379834789226649,-2.1732274143452517
-4.299998991560017,-1.5694554739284141
-4.296402448461938,-1.6566196939768714
-6.209474127597092,-2.142504776330982
-4.399192945862911,-1.7665815685467796
-6.045244055291506,-1.914791142452541
-5.64995862970363,-1.9294662066158839
-5.737851324573334,-1.8879641900224609
-6.25506769659567,-2.025566526779809
-5.227598028052544,-2.2823216128432824
2.1459820418630597,-2.5703351522427704
0.8558232675856932,-0.5755608310271585
-5.532017913134557,-1.9153225069618696
-5.558804104043708,-1.6273856800902917
-5.621643071825927,-1.57827284673092
-4.865202534677385,-1.9638357461299931
-4.8029268384426045,-0.5793043162602038
14.363232255413218,2.927101447109874
-3.7750939822341185,-1.4831982673823807
-4.126074721069374,-1.4666530366918527
-6.561014234508501,-2.2077671252551765
-5.335879246191643,-1.6728344955955126
-0.7495996125546599,-1.804624879161747
-0.5614276928034757,1.5519055825963273
-5.48778677112953,-1.59573284801021
-4.782318129962875,-1.312737658525801
-3.9503005041187804,-1.4547867008516597
-4.8870285695611,-1.939044727353082
-4.889345556002488,-1.8271908400987558
-5.24775714499205,-1.7864416435896002
-4.2441451760927125,-1.2125416613839928
-6.050516066783749,-1.5993259067087051
-5.805733624163787,-1.562281112474709
-5.597910884955893,-2.2003201839592776
-5.374985553953115,-2.176744575468096
-5.620964139360412,-2.0285364011805074
-4.953767671137438,-1.5528060567211464
-4.782385173548547,-1.9202971657878898
-5.546530589706611,-1.8483478530914945
-4.669379922669265,-1.091496725340402
-4.147212574949806,-2.1233325607201134
-4.327458849706057,-2.062639876924551
-4.7467542103047435,-1.5677545144595566
-4.159796824151567,-1.0650596016488776
-4.4528797857065054,-1.9651439237593837
-5.222488470954166,-2.0929529718266173
-5.564175588605019,-1.8531424284565035
-5.740541597157406,-1.923823726623772
-5.501729265790518,-1.2523412759749162
-5.748761533524174,-1.995741100311434
-5.978361134772577,-1.8351010479856873
-5.819048620062829,-2.3361262694879987
-5.368142813257421,-2.086154743891432
-2.7986768693869513,-0.581004947676721
-5.656537838822941,-2.080300675619367
-4.652214060693984,-1.685575374192777
-0.8903502147032706,-1.2212047683314455
-4.936659562409583,0.9163215674448837
-5.507085239488466,-1.5358586903474385
-4.726095859211833,-0.9961051778318388
-6.031467358654705,-1.626415199573179
-3.513197211708555,-2.8215205095275158
-3.7573819699401243,-1.7404457001075684
-5.745258085269654,-1.4836581749885718
-3.3348209800519575,-1.5311125218827395
-3.4956450844928817,-0.1067043589571525
-3.982865939129404,-1.7221159755912447
-5.923538670021226,-1.7508925757441658
-4.735578538404043,-1.303276578750524
-5.8017689246711734,-1.4472484643263779
-6.27641759987896,-1.6924733824800653
-5.230773466225163,-2.043890834396019
-3.5115929333644815,-1.2675959975962212
-5.264112628346544,-1.7563672156545092
16.323403599063568,5.307617828119636
-3.0559997342327896,-0.827539503851452
-5.559921067081484,-1.857280086301729
-5.360057793173407,-1.7463598202609225
-5.2409199963693265,-1.968164176055679
-6.388473512704195,-1.4984995464513586
-5.670471316988657,-1.7714933067850807
-6.085425656407286,-1.9527090651297878
2.828676489015376,0.7707660462235071
-1.916247827999241,-1.1946135260822568
-4.552089880674475,-1.8822209208908927
-4.983023560077001,-1.509199214237861
-5.137428097687372,-1.8416838206825707
-5.348402473474997,-1.4785853483991813
-6.379246349390355,-1.9556112363918239
2.203301457179242,-0.5057562522727842
-5.892243912488492,-2.0880006386929626
-6.060572433094358,-2.1889707296341623
-4.497102179716026,-2.2890673742477325
-5.415223670717748,-1.7697684377711942
-2.5428677335506973,-1.5019242235504737
-6.160886588813342,-2.183738990171643
-6.138742701299562,-2.1248982409897716
-4.7424165232499575,-1.9491638245462288
-4.773117279661199,-2.1340265495753523
-5.558562356985542,-1.8909254212161977
-5.19911068330206,-1.667287990978065
-4.8485975883312875,-2.13396102450485
-5.434600465253893,-1.9000491009749998
-5.26151037324321,-1.9824374642288252
-4.39833452347735,-1.8049223399434045
-5.425897900093975,-2.2718053011107493
-5.53137604147641,-2.2416359293010846
-3.7321869150322824,-1.707425829379652
-6.329233808447796,-2.2544276772016696
-5.835718867439767,-1.840869014865059
-4.457276137854078,-1.7926726750108908
-5.306908214994864,-2.013014270003621
-2.5114865061025022,-1.890864974229146
-5.39866770072566,-1.827926970155656
-4.492608905569463,-2.250287953024022
-5.915458007637474,-1.8959779303661972
-5.420700464417972,-2.016454562495828
0.9862841198566832,-2.633898597858072
-5.407622725911668,-1.655824181714392
-5.6608571506838725,-2.2282762999524612
-0.11434887536018218,0.4049944267520322
-5.8850588692285415,-2.1700044334388453
-4.264164418489366,-1.9773749214608476
-5.722121138329459,-2.0106883402853986
-5.072118486610751,-2.3326927832822912
-6.335302974374127,-1.0372958189982737
2.8675212569919726,0.17340152949357612
-4.903829529290465,-1.9997787586163287
-5.206000809292388,-2.2446509562428063
-0.4162504973423341,-1.0225338496164715
-4.738302831175402,-1.654868553636374
-5.481344163999947,-0.8538150360679939
-5.609509619072383,-1.7187946975021875
-4.205110779632084,-0.544955977260951
8.11609825462577,2.4470981370730187
-6.199114166581181,-1.9199313429372395
-5.807766505870572,-0.8074889779649538
-5.302229183436573,-1.8715814490493785
-2.6904239993472854,-1.5128959652356009
-5.0272240179173,-2.2315042669690217
0.2731130976750781,-0.9574728107937932
-4.8433842860578205,-1.9183004042974332
-3.115524772515349,-1.9031517426053919
-3.5539605629053392,-1.4305458566860003
-5.470641933183338,-2.0183790820290315
3.67305359520238,-0.49448986015541935
-5.5476433013907664,-2.2086093834521363
-5.62496715194199,-1.8584508369666761
-1.184488485744272,-1.1230559417283366
-5.811770092953275,-2.197351543634433
-3.5296816248642737,-1.928184424740626
-5.581665495050371,-2.120413637428828
-5.752981691674909,-1.9780315579774972
-4.729449483890161,-2.079572671439191
-6.207583863551339,-2.389934094362272
-5.913086609583354,-1.6759094226046738
-5.102105608689923,-1.693821545848588
-5.456976238016084,-2.308141839274427
-4.718291776980266,-2.0576515962114197
-4.830812731024694,-1.3507703755597844
-4.312187110958727,-2.0040891815449084
-4.7568087951887525,-2.112648664862393
-5.484389344086363,-1.9823191231484707
0.8069946790350987,-1.1601584857336995
-5.6882631207313334,-2.070102213163668
-5.549283162772618,-2.3828032108996386
-0.7305419494485742,-1.3544552001807217
-5.997294194635625,-1.733619602680937
-2.5135053272530636,-0.81336891970355
-2.2810686565485074,-0.9438553382589021
-2.197139372296646,-1.8917634441367606
-4.843127181520143,-1.6900365375358954
-4.173633207594664,-2.595681494458057
-3.9610368001663514,-1.5813164281209957
-4.731306875016605,-2.0740738733314097
-5.203752709160268,-2.0039072573862438
-6.079456602023993,-2.155283527426069
-3.2103730887393485,-1.2056261053802326
-6.086404214738006,-2.207601944030595
-2.6251680293648567,-0.47973367262871836
-2.6849152724659455,-0.6664500154229263
-3.4416064445094343,-1.4513280895730134
-2.2981166751046405,-1.2567885686087072
-2.177327209909676,-1.6025944542808277
-5.315336753445789,-1.2370646571409372
0.34039819610615607,-0.8076587566281083
-5.455834697449557,-2.069067320253485
-5.851499103716981,-2.270432369229474
-4.781110411886221,-1.6359610058800467
-1.3297331632844025,-0.8250685728910779
-3.4059740236496783,-1.5930801635052403
-3.5544268315859013,-1.3796966210534756
-3.6075555798659287,-1.0437701786906686
-6.109669065418456,-2.0114867996800765
-5.370626138207725,-1.9265534823852049
-5.303208982771544,-1.5582928966523653
-0.2554861595215517,0.44977285982192944
-2.801910954121599,-0.824406974933662
-5.420330198849243,-1.8770444588041582
-5.426791306539523,-1.5810073828646085
-4.99075068907421,-1.8701660439178218
-5.2993508402388105,-1.99041522739534
-2.3749865549809774,-0.8885058613550945
-5.583563400019149,-2.008359329719554
-1.5539027556646416,-0.900917627068815
-5.717186297490095,-2.144503904505011
-6.179186765047666,-2.003813395600882
-1.098195095861005,-0.9268149710475831
-4.0633194955799805,-2.063797864311572
-5.325938214769082,-1.4963898561379985
-0.3427456900484014,-0.3812385774606925
-5.081068846434941,-1.8007516692039227
-5.769572135289311,-2.3446711469873622
-3.355044612745013,-1.679033154048661
-6.266591980081961,-1.8713091103220296
-2.4732883983864093,-0.10152149508921283
-3.499164104774469,-1.9158941259272435
-4.482853055080894,-1.674013185128314
-1.722406307222987,-3.073405851684488
2.3372670642385516,3.9949950161936525
-5.4385807142360765,-2.185812467564103
-5.853721116218863,-1.9003687856474638
-5.5359712642526855,-2.0588179144295027
-2.9648039439468263,-2.267692931706219
-4.778509353195019,-1.250976282034255
-3.6621354470354164,-1.1661205604774794
-3.850146436560873,-1.2661673929051227
-5.31805643104331,-1.962257701624382
0.6302455104144357,0.08496463043305653
-3.748654152923697,-1.1737318500169764
-3.529156416909664,-2.499882381928116
-3.5144968434402233,-2.300519107788538
-6.186775510630937,-2.139091190426577
-5.273229250309152,-2.2384152012372684
-4.50742584256479,-2.0774197053870798
-5.418081551772055,-1.6933576388793323
-5.117231794082656,-2.204663581191563
-4.836843908416076,-1.3094523811318572
-5.960051638278683,-1.6372956502993457
-5.926925985750004,-2.1604178998736567
-5.7296199356779205,-2.5106830937528777
-5.616029724253511,-2.125743623646038
-5.050464253135898,-1.883896116057439
-2.684995598614303,-1.5822758789307296
-3.0522905417320594,-0.9129510361172203
-4.797053876394226,-1.26877036345008
-5.465781948552341,-1.6815517417940107
-3.1139872125148536,-1.16096386027104
-4.7155517147459,-0.44461940685436524
-5.134131949832631,-2.3642198594888617
-4.87680734413422,-1.4058637095968247
-5.443948415900159,-2.389090296924274
-6.420477060503311,-2.0410880645581093
-4.992951183487146,-1.4603131192101524
9.546050816514947,-0.7078173421976712
-3.9064221658618092,-2.0236904306356585
-0.6925324336518214,-0.5480543146648296
-4.360078891142325,-0.71599462048331
-4.259011280650121,-1.7507439019790068
-5.75442055755927,-2.3119566151136026
-5.48703886415352,-1.952049631326978
-4.828809341067939,-1.9291411454658436
-4.736044337189965,-2.2931994244726233
-5.580174691556173,-1.851412618054445
-4.4724634395627225,-1.775707331761709
-0.6700050439505679,-0.8399057916078786
-1.6696100658739095,-1.1301599865550824
-5.807325746479558,-1.7839535308352046
-4.505049426562362,-1.6322768424993077
-6.158409180004771,-2.3065218985645513
7.4490622442983065,-0.18748732537259039
-3.875732436190273,-1.3323817588236957
-4.719129857813245,-2.3265763638947807
0.8341201346288932,-0.768931277319555
-5.615640179910562,-1.7145294900927812
-5.766232012796431,-1.8642140666391664
-4.098142864246348,-2.4612072035749106
-3.8205259326334935,-1.385450972432671
-5.685679860555389,-2.002529529493852
-4.153301812157289,-1.3809073482101972
-3.61701427245597,-0.45154686647012177
-5.166244086224878,0.47564797944882437
14.493795903573805,1.9189794217453926
-4.000871072579979,-1.3720050455631843
2.317091235020643,-3.3621320135670456
-0.016554715246993198,-1.721367536720896
-5.771444898887278,-1.8887353076966173
-0.42579274352690283,-2.2913951461923747
-5.187479943587792,-1.785184143182386
-0.9949599457915527,0.302036859221128
3.7721889472798655,-1.58080489557098
-3.7202834133470217,-0.991375156612059
0.9363259672628778,-0.9437243836857125
-4.256113932908607,-1.7025400091345422
-3.3855932967117712,-2.108106235922941
-5.3196317601336425,-1.598314085542019
-4.528410628067843,-2.2006539035219292
-4.677109062535881,-1.4464665350287182
-3.870042796203317,0.8362302816738993
13.624559968814978,12.098469518089885
32.20365924694762,11.535718133870695
-0.7064453694619584,1.629496766350083
-4.483699324313046,-1.3380357053024423
-5.605154886649254,-1.595251652116249
-5.908248657997146,-1.7115539970437692
-3.2985926312061444,-0.9313768168304623
-5.114098542643557,-1.5208807906143529
-5.820267836244611,-2.292429774470124
-5.805336873207887,-1.8432414416105045
4.001192543975523,-0.8055875873526844
-1.4776164864220636,-2.257433665141917
0.19215376311848228,-0.7621248276961456
-0.03408363064846074,1.762153813178851
-5.026386292883378,-2.294871631047798
-5.939724306993006,-2.04943328572886
-5.192255822396709,-1.6327043490217512
-3.7562846410699966,-1.600109286122896
-4.920855222333039,-1.7454245433333535
-4.849322158913504,-1.8446639478018196
-6.264252324619236,-1.2470472712750547
14.627193567453416,1.4619338469684449
-5.273232668687308,-2.009886205975047
12.194599212513857,3.6012045758609985
14.461504485982111,-2.682406948905485
-4.525078770390402,-2.2373478859974534
-2.662225050452654,-1.4757534491332644
-5.813059362995764,-1.4366404957882375
-3.1883063712204818,-2.1421776237235206
-1.3730518651546684,-0.9153161954285927
-2.7428530815561873,-0.8176357610054005
0.30863787970552164,0.7361707613005389
-2.1524456081951806,-2.133172549617967
-5.544321576021824,-2.316354533483447
-1.3569686487796788,-1.579990392372886
-5.397923395815224,-2.131020723857993
-4.748104195984302,-1.512192082915166
-3.380917316612398,-1.5474860612217167
-5.312695584590976,-0.7452210131692621
-3.3723916096150055,-1.666552976485328
-5.842037211325488,-1.652939407417418
-5.943947857289297,-1.3756962655865095
-4.242236262744519,-0.9516621846872575
-5.713022876330638,-1.4481907212393959
-5.112731163015522,-1.884731944284002
-4.780680386709283,-1.8481285066879274
-5.090825690485191,-1.8341366077704944
-5.057955539475269,-1.1487635948308512
-5.704255440313491,-2.0874946356473774
-5.461076385867869,-1.823625332676821
-5.030335890563861,-1.6163268455307755
-3.4910845967236077,-1.0661130976976865
-4.58986814633881,-1.4570782265374898
-5.229293796484229,-2.269358888816376
-1.713604707382996,0.12742897210597645
-5.174181212157947,-1.672273816992316
-5.612027763323363,-2.1933018905509636
-2.852919727287248,-2.583593513870497
0.3948625595248573,0.5395534850513355
-6.116269130041974,-1.6886901682056055
-4.8429681853671305,-2.2161596899913394
-4.102843337133109,-2.1785882861898958
-5.743490015552257,-1.6443554482840852
-3.2447707724103747,0.016475956468033674
-4.316199044829721,-1.940558858131568
-5.226960240141653,-1.8484073413860693
-5.125500718449985,-1.642599287024512
-5.432786023521413,-1.669596835354177
-4.192577968253992,-1.3349747561439473
-5.410963566388007,-2.083018411742567
-5.875052595571629,-2.2053752862801566
-6.159352051340366,-2.1932681962488125
-5.798145958063946,-2.075548106634352
-4.882369428818254,-1.962541808551092
-5.754099945210246,-2.1161158349357154
-4.848655650968436,-1.9700110281309413
-5.875878224676739,-1.7837627665449338
-5.209779192691561,-1.6062955549824836
-5.236604881407371,-2.2018274176762476
-4.142275255585853,-1.6621572448132484
-5.265923090410472,-1.6704966735568838
-5.5169412787594565,-1.9993693377781887
-1.041318836166759,-0.6211445567200545
-0.9839148932745869,-1.2860442286207368
-5.531745709432995,-1.3052435106199645
-6.165499956049931,-1.7266060649510155
-3.500707745415359,-1.0618025447791986
-5.1580390190531915,-1.728919429550849
-4.3706970990770335,-1.7262203100470055
-6.172860272017984,-2.094704408262387
0.6566944991875492,-0.8368309450216784
3.8067821876402874,0.798290349123542
-4.7061155255949085,-0.8240161951066517
-5.528647381738022,-1.214902129889585
-5.224362937651408,-1.5826925221265296
-5.359664579699865,-1.7144262910920929
-4.499967175210469,-2.0211393808715346
-5.6190882776488795,-2.137839957041683
-2.1889916203351745,-1.0799589392737134
-5.079416323113162,-1.8075895398907411
-5.626624431598566,-1.8804139777163058
-4.299477337502234,-1.0273083640933356
-5.12555844246052,-2.4032729017130063
30.474910481216234,-0.0457676470235783
-6.137911702733769,-1.6747126983102534
-4.2615372985453455,-1.393906901740333
-1.257720372315588,-2.053222971851165
-4.349480442059402,-1.723064240329823
-5.945441007338577,-1.6038487339261491
-5.352712036026811,-1.5168541029922658
-5.314648034323521,-1.7483218677767816
-5.6101188687684935,-1.9525163257562341
-5.753063055455382,-2.1656599302298343
-5.131697569594504,-2.070323552153673
-4.847127674635849,-1.9822957979696776
-2.070409551447152,-0.11158593599597884
-4.544430802174676,-0.7272911769587764
-4.6264795919288675,-2.3355587550795986
-3.572094732062536,-1.8076119177124834
-2.151857547145938,-1.1296288141883282
-4.074844028293963,-1.9043843266269938
-4.927604602496689,-1.474486840741485
-4.825404849787503,-1.4905445515487845
-4.592445256850988,-1.7209087105830425
-5.18683424809024,-1.9747262773341978
-5.488110323761896,-1.7316521469247297
-3.181726418581436,-0.23074441975963947
-5.0230621947789516,-2.125667876550859
-5.518952910651952,-1.6448110979901858
-5.915470431858352,-1.808598337905408
-0.5815799238050358,0.4612842929823768
-5.742636595197874,-2.0398980684292294
-5.202976013526789,-1.884047356933451
-5.4635598244458965,-1.7792646117429904
-4.657950580466814,-2.1626123599114706
-5.359661740476649,-2.0704358215823455
-5.629814126823804,-1.9862087219396045
-5.769354825657566,-2.2425678619058957
-5.8757643927365475,-2.200868901829748
-4.708233829811831,-1.7311531080482763
-2.9064680759891073,-2.548381696963182
-2.809636746979412,-1.9411245160036303
-4.7795663391490555,-1.2146325777874691
-4.881859914564031,-1.5313414176717162
-5.603731529717733,-2.0647107364125747
-5.8120123939630375,-1.5389312745460584
-0.05403816998885801,1.351832463084228
3.9130427774034593,2.9378815787541037
-2.9715952408251334,-1.4804948049781586
7.824586709015018,1.510220818429192
-5.750009540032827,-1.5506069452618174
-5.24963950762167,-2.0610080619508446
-5.041384335965127,-1.8927796889159785
-5.274828780270736,-2.058452463941199
-5.289426235517545,-1.9471739525206413
-6.034655082871597,-1.905954497777353
-5.381617470981309,-1.9359318671643968
-2.9706062768165444,-0.8564801601504486
-0.356833182345409,-0.4975193290564109
-4.495309219642981,-1.767037466711164
-5.704917323585949,-2.1414012967175324
-3.5799641037282934,-0.9890622601696445
-0.38515258957521337,-1.9045684083593601
-5.591141806309331,-1.8421285479735996
-4.532360771087997,-1.8147597970080955
-5.271523438567002,-1.8385187616176737
-5.475729968910747,-1.4895696883477658
-6.218851101899605,-1.4461699921211875
-5.431262211761748,-1.7478726060056697
-5.124651488327076,-1.5223026264240238
-5.7162897590358055,-1.9484786967117271
-5.771646329953437,-2.0945114355104892
-5.404897574197678,-1.7234494368565187
-3.8971084903726516,-1.2871599174584938
-5.145909881354583,-2.1391799680637367
-5.438053011737201,-2.1745025568475027
-5.597125192094039,-1.9244408733919558
-4.541090776573831,-1.8730041021688861
-2.544465767669539,-0.9142423941922484
-5.409936905430223,-1.7713901936770868
-5.245694037266323,-1.370840827017653
-5.313736282577816,-1.340239843784101
-5.710115346174694,-1.6310175179153799
-5.720791811677246,-1.5934407479735178
-6.303212555280211,-1.7071971726433888
-5.1636616800942186,-1.7333003309748667
-4.815120420001362,-1.5701949667244275
-5.101899696208732,-2.0138572099810634
-5.861295131689486,-1.8851592271860418
-3.867835358308353,-1.1080030485460695
-6.198252685286441,-2.331311819555169
3.025242999103733,1.227035180241092
-5.470888448528925,-1.6779817653322207
-4.7615172046429555,-1.144002360505429
-3.483681341609998,-0.5983968173328587
-5.53855062059168,-1.6333988489336786
-5.627871093044366,-1.8516234907163
-4.693329659638494,-1.6177182216271453
10.184557395578302,1.5788866287068017
-4.151006642975035,-1.6564758081744535
-5.623812381754411,-1.3825829446317737
-4.320635383581842,-1.9707710413815067
-4.519195059714245,-1.3794005313502307
-5.20651287867746,-1.099778695147433
-5.883031218205703,-1.8096843910843883
-6.318577834174402,-2.2121938767669937
-5.654903327635909,-1.829683635026847
-4.500133888980604,-1.3445213275284202
-5.712483009652265,-2.018734115098163
-4.939319063227074,1.5745533659325355
-5.519546653852039,-0.6552988950828802
-4.216801520953921,-2.249236002899423
-2.900704213979087,-0.7722286882042887
-4.9452363421456385,-1.7450288159005325
-4.505134478058094,-1.663515456202591
-4.956173616592557,-1.7239567091004522
-4.743024792331882,-1.957026351598348
-5.3287297301671135,-1.896959776455049
-3.0662306345410957,-0.8817405515703651
-5.28399965955496,-1.6439812106517202
-5.137468085348248,-2.1886796010901977
-5.803680734706514,-2.238344350350869
-0.3798772479377371,-1.1995167662862276
-6.151045185804588,-1.652575480624417
1.1875801771518983,-1.7415546243821325
-5.6897200334327005,-2.2116040007194258
-4.053918478070034,-2.3521641550339334
-5.830960949550726,-1.5970291434367985
-6.109218678521329,-2.0296682520380527
-5.310709475249281,-2.1569557995216355
-5.654480869854425,-1.9178356186451637
-3.650154602767262,-2.144241717415986
-5.861355019197957,-2.0652022492960924
-2.2954546219513077,-0.4808162092783602
-1.6612044031001962,-1.9264473568976046
-5.333808393506889,-1.9082702706400936
-6.179276392193751,-1.8845105317437059
-0.8968384725521579,0.47962503014816016
-4.30408184117425,-1.5495049367687863
-3.9745223168154467,-1.8418617437640978
-3.2114995751901385,-2.014516424056943
-6.127308295342001,-2.104318447946197
-3.0459077874671885,-1.8121443987226054
-6.01626341646898,-1.5782724942861894
-5.458875022550045,-2.2776754091059868
-5.749224368613551,-1.5310629726134626
-5.9165191647533675,-1.7527869675774088
-5.551065909812785,-1.263463883447944
4.145885519804514,-0.9366949534225558
-5.82943214680645,-1.889714060055213
-5.998535508727348,-2.2171440718101465
-4.869315877679705,-1.895711107857093
-5.4844310475194655,-2.1902430870875937
-6.1924324844265035,-1.8705242871222416
-5.793048870510005,-2.459677870363615
-5.7470290861314695,-1.5421573793769965
-5.60962633552909,-1.9608742297505135
-6.111650392157238,-0.35713411499989345
6.574688267804414,21.255421619251248
-6.128329763413182,-2.3700793885219977
-5.003163679921993,-1.4581889608226128
-5.365033399113262,-1.640654567881356
-5.9037009499016175,-1.9080011416029055
-5.720722821010001,-2.278386317072564
-5.228364802427969,-1.7306998098199822
-6.093814624038241,-2.055628832548962
-1.4278368301832705,-1.0173491604247797
24.842991657776466,17.690131486554996
5.9372391087188685,7.018384158495707
-5.858697066226428,-2.4652065538944656
-5.297400758899008,-1.7108641274306482
-4.895071119734125,-2.2726843024786283
-5.363179147221765,-2.051859407401545
-4.201813428507502,-1.0221836788543863
-1.327544604149449,-1.453752890787089
-3.026629486407697,-2.1358150551687083
3.494698975001839,1.7202870444092455
-6.267199412470903,-1.7578283581786218
-2.531338882326614,-0.04521464889601364
-6.789851171289478,-1.7210796244545996
-4.838915498489887,-2.084233967622641
-6.256776950441151,-1.5329617282596817
9.796147600453542,2.539783618914201
-5.363009185011809,-1.8825532137769978
-5.463992353895523,-1.6000879032382767
-5.6684239055504895,-1.4621165742216373
-5.53193707121696,-1.731346448375705
-5.522135420628715,-1.3519562948598514
-5.942127780510051,-2.1569746022807603
-4.2832217689206065,-1.436959593565801
-5.561253149175946,-1.4408833550519917
-4.745501813671524,-2.4329137325008747
-4.639276840896884,-1.8372704199778689
-4.543954849993099,-2.0962957032313825
-4.1681384026492525,-1.600220350609761
0.6051513775133561,0.39746127828781885
-5.167074605408494,-2.267022231805881
-2.6499511367159756,-1.1765096112722138
41.28289002404224,6.049034504365894
18.107169784597843,3.889830052090712
31.02606276299314,5.002745950164705
-0.035263023864634646,-1.312831399087012
54.27602986336915,12.301667349960663
51.6932886428797,8.399321297547598
-1.6897599171574305,-1.816836765023739
17.717482673764636,2.9720362911107476
54.70804088726077,9.655141652594446
35.14116091832531,2.1060314230174217
22.664233894178945,3.6074109703543464
15.467440368454914,2.3344223298879223
34.59416510181781,6.204080790204452
18.094452891722142,2.9538597164657876
6.964291895274126,1.990217825078834
-5.466332041326866,-1.860538444190044
25.30496220685126,3.4019913402528523
24.023513447233118,4.210558954908272
28.725817842443405,4.213370232406812
22.368922848286346,4.079288611305679
10.220402607450534,2.329156746156764
52.516846900853,10.19025027395271
23.33110644205509,2.3591236530341004
7.004002294153815,-0.4237760058030899
79.99298160690874,6.385021990223728
18.83272347963648,2.5008475241407955
27.402505455370214,4.786659435202233
27.042368224656837,4.309934341518897
26.59786017332609,3.3769653782117803
12.964962104636802,3.755602080506634
16.87435510811807,1.6378774945516037
14.630361605556422,1.9500428711693136
15.40574892423621,1.8926954369373847
1.0117762414006222,-0.22451120344523803
20.780824889757515,3.897455085740993
67.94773706544498,15.4280120620787
12.727938267419134,3.5686449471777997
7.953709863358613,-0.39615662393391177
21.60809705485321,-0.21766041566524888
110.33661579108576,16.052883270241157
17.452264067684474,1.599977739497111
22.957340476042475,1.396637909158325
27.365652813959255,5.311777666287008
53.24621739470803,9.48174351584655
33.33745903644618,4.800694855738734
4.215485964218708,-0.4485360017824701
34.193468671870036,3.9291100992582617
-5.551491000609659,-2.2437179254197264
38.28915978764687,7.752405705332175
32.89109882047445,11.406011891291305
-3.6598981387066547,-1.553068102203931
-4.991136108300677,-1.2583644934187654
14.546500007228863,0.689252418638204
41.089299862640054,7.486874091152846
43.36413476670534,8.453917978191143
14.631877465852364,0.6566929962903179
38.040096317741344,5.302981738855174
28.348853301222523,5.8113011302745825
17.926566497728146,2.664845035699385
18.438321318707438,3.9697615671983333
27.540471037556603,3.3664176119248865
39.77373442292295,6.568024160743557
24.388225937319696,5.035217861047352
-4.234808866010436,-1.428039705665441
47.48907773219571,8.508871521949768
14.9853109644853,2.410805778245236
7.053662466526112,1.4085241059722826
43.05545164258191,6.530852586403342
42.349094521394626,7.964988792838354
26.122010857502218,5.142761702558773
3.1259891473042534,0.4212017019278246
27.06733640893061,4.297801583356715
43.83350411496318,5.495702129461087
-5.914918477701884,-1.8483482418719834
37.33353067704625,5.08520625897955
49.99504847490641,14.25684311714576
33.868005631193824,3.843754709403325
35.894962029917515,7.948570713074331
33.917856006097544,0.4590813581276793
0.7668313260789302,-0.06540174204323021
18.35572085539699,3.9511117109987475
35.90966832118979,5.999875822867616
-5.940323177709954,-1.704074542582315
26.55434228022428,4.148869336017315
47.404995822245574,6.753709683535389
20.995117625728994,4.627678882498145
21.733258207478908,3.3720459379425307
-3.379251151431065,-2.6905123736150864
-2.6118195890371023,-2.6259050342221903
-6.372891470582221,-2.1885335038463665
-6.076207949614206,-2.075190076344598
-6.122643229883482,-1.9772412328769962
-4.705507546188962,-1.7196981771643245
-4.5626210234648745,-1.8631665343704922
-5.579012680727023,-1.7464990975652988
-5.606630995609682,-1.922573095300366
-2.8017721158666795,-1.8111155544167639
2.850145697425006,0.07460159964694034
-4.500204754712222,-1.152700636558218
-4.769940901333051,-2.134565181916304
-4.873407940217692,-1.5026384989079524
-2.357318187511851,-0.7602934690991082
1.090260746413926,4.51497563698938
-5.869023525535887,-1.8738070197120997
-4.959282642008604,-2.113819385340444
-3.2410640502781187,-0.34032759980146154
-6.030790440704036,-2.0439152843329063
-4.250688148214815,-1.787552258618541
-0.8315009515707985,-0.38248320063748326
-4.512576873205702,-1.739680236785183
-5.133379007111967,-1.608252316827874
-5.331322666634178,-1.8438138204932724
-3.6410327226110484,-1.3520941461335416
-5.775464300604234,-1.91778891175074
-5.680516527319495,-2.075401772302783
-5.237193539522618,-2.0246227589249193
-4.326705668543926,-1.8021641475227923
-5.062844538986496,-1.9573962331026387
-6.043525426281934,-1.72285984172564
-3.3610653176685577,-1.7483327260855233
-5.290159672859982,-1.7820659482211738
2.0609461433022815,0.8659921476177949
0.6204618488262227,-1.676516220606428
-4.929484937259369,-2.1999393769199327
14.286158822181402,1.2653784221569524
-1.1054362885599838,-1.691857388395751
30.745903563728337,6.287709294273578
-5.150273349502879,-2.549743588785709
26.906986192857396,1.9982017481401264
-4.521424275397461,-2.1842829368687076
-5.441484642336337,-1.3654335628103371
-4.101980844381983,-1.6040901626827584
-5.578168655529293,-2.101032474034211
-6.008941927513444,-1.5873718464323507
-4.549747184864091,-1.7543027283740833
-4.8156419710188265,-2.4333908207695476
1.1203796314725032,-1.5749270115588305
-3.919684222871709,-1.8467181193696547
-6.096333219174029,-2.2398330381406835
-5.2399044982008425,-1.970087138305918
-6.234049641063643,-2.0936007641736163
-3.1860383383119575,-2.237891341152983
-6.1082810310557845,-2.04038104900664
-5.7344270053581115,-2.0373910935819732
-2.845545191942148,-1.2284207435662595
3.2163958675841573,6.0051598786018525
-2.3721671247968086,-1.5538542654038958
-3.456790418313993,-1.7389554714884152
-4.154653186507419,-1.5606584891180162
-6.005245387865497,-1.8210954753681485
-3.1105817292051414,-1.4301871526952563
-5.076920865700259,-1.6548224067130348
-2.3347190682280208,-0.17123809936744325
-0.12315098698897178,-0.817825487636248
-0.5059002598787113,-1.3452618792710809
-3.3352483136818973,-1.6834900363053167
-2.668763102980031,-1.9052450544385042
-0.853200104577097,-2.277737192751916
-5.087172077686128,-1.0007586986222081
-1.5844079803973428,-1.5993756599109936
-2.7313755307348537,-1.697713860634576
-6.236819872906305,-1.9280529380402227
-2.066864708978657,-0.5957517660179315
-6.0538897108593765,-2.0754158601075057
-0.42972802492540885,-0.6522149426811559
-4.4290271527532905,-0.8873784682376569
23.78895433503127,6.123260856818924
-3.013857485440757,-2.0740576268786763
-5.051041734817933,-1.6406825145749855
1.4057141812777318,-1.5723835215972837
-6.430790676805478,-2.042256959987989
-5.613537716398934,-2.2838538478603754
-2.4697514271465004,-1.388372965181485
-5.264978946687992,-2.3541892345922992
-0.314641665302344,-1.1783018290629519
-4.916847118293462,-1.4392459362174703
-5.322936136468412,-1.1906359609417114
-5.377382695431622,-1.4369670065981008
-3.6976566261485724,-1.8613400107225164
-5.085218905994175,-1.959135484651533
-0.4658852727529275,-0.7302423306155621
-5.549461703038669,-1.910153015700674
-4.186860396222443,-1.0079021011784717
-5.789455854998695,-0.335957033020015
-6.189100457330178,-1.6887327947522324
-4.080315472365103,-0.3107713778803391
-4.0180246267092405,-1.1271367132136216
-5.6953713883529415,-1.6677287478490288
-2.488470523262463,-0.7041019019467574
-4.748418273116068,-1.2474083589309968
-4.972973575805431,-1.653062533404556
-4.24283076965077,-2.264568627552187
-5.376888175397191,-1.6294251686520185
-0.15207963512512457,0.10734141297936674
-2.679589388396994,0.3812886867273014
-5.0114717499248345,-2.113587994670418
-1.5088891198621022,-1.5003212826034187
-1.6275354854231132,-0.9071895422377698
-4.43587103792856,-1.2371153219178095
-4.651402668542069,-0.5305048323050829
0.6644292371708405,-0.8836108957317245
-5.313362831157321,-1.0742427363410576
-5.365973606738279,-1.4659018807545192
-3.6558149650548546,-2.453835021268614
9.115148122709195,-2.325398450717814
-3.432103682893569,-1.5262075035357918
-5.421058029425492,-1.99342617654293
-5.243370248356671,-2.0324407749341504
-5.1282180939026745,-2.2663989324980016
-6.096311191970569,-2.252701038245062
-5.088278070948105,-2.0881669852059925
-3.8647533838644104,-2.237692796986926
-4.157681381850345,-1.6277859053018655
-2.961624245027645,-0.9404693082501923
-3.0823024106372907,-2.8212628418755075
-5.485489219481664,-1.7794974341598029
-2.6362683449535567,-0.8759701754593845
-3.97153887506928,0.0672784940488897
-2.331337149458629,-1.0808025324807193
-5.96387859185912,-2.3852265684643728
-1.8634160372491746,-0.760045848964936
-5.626844714135125,-1.7876978356309585
-4.7994867307157145,-1.318901082671147
-5.881821961853998,-1.828673499470333
-5.454646151640779,-2.133324314413486
-3.8088171344320574,-1.871510990750189
-5.809975832989763,-1.693988638153916
-5.02458441700677,-2.021945051455154
-5.512249058559749,-1.8887154737628504
-1.6975915990847847,-0.6070566146342955
-4.334540336571701,-1.975760469285195
-5.4408064452333225,-1.791791655043209
-4.443014966293025,-2.1799389674447607
-4.880770938116772,-1.6661066365099075
-5.803902553636677,-1.0005346276239186
-3.1363909557152194,-1.8410282119052372
-6.073608021428043,-1.7285736547291288
-3.807040524066816,-1.0961294457609083
-3.322653811660593,-1.5782703968726048
-5.447562625861918,-2.039477602067147
-5.360273356951514,-1.8950504611650545
-4.6092842454719545,-1.5693857603965353
-4.039908444746918,-2.1280771533183827
-1.266544827368621,-1.235633018840949
-4.844295844116923,-2.1730587328716036
-0.11866423178611613,-0.3689954639480341
-4.791321806154306,-1.7536411949279767
-5.798827965733607,-1.7283998550191777
-4.7762595519697735,-0.6659587836063461
-5.644841343867693,-2.4197844691108026
-5.9892959020872585,-1.721528688340301
-4.835740391050108,-1.1834711960306192
2.9199073727936837,0.6831748843978842
-5.954230256413664,-1.9148134764202125
-5.352777677436829,-1.5423935917433114
-3.9957079976671452,-1.0260596336565633
-3.132322467639092,-1.865648085243022
2.9710139516454497,0.0872446052659947
0.2521013773959773,0.2728049437407225
-4.892688152502391,-2.016736729881762
-4.84182865946573,-1.419265775449939
-5.5379697895895355,-2.1730189283164165
1.1564159864181924,-0.7376176272917254
-5.068388300374079,-1.8877495200380698
-4.3265494268979685,-1.661892851189016
-5.6939039500665825,-1.5264919933671388
-4.3736545780447775,-1.539484665627402
-5.317039213527191,-1.5346785010318627
-6.588271779304296,-1.7960140793632093
-6.377445687134517,-1.8136888518203818
-0.826276719170889,-1.4345939530446201
-1.5609711100763457,-0.1735907021728299
-4.394045141540516,-1.7698263098034108
-4.729253787245667,-2.2284573334232123
-5.410603635180305,-1.9906478575196946
-5.152659052645414,-1.5325170990058317
4.024883275679564,2.3210193363677094
-3.704156083294971,-1.901193970025077
-6.3235210954367025,-2.200318961620149
-4.918649872569476,-1.7414429893780732
3.5378662288744382,-0.41290371490811506
-4.63329537808146,-2.5890786432867037
-5.599072358647872,-1.804532091091932
-5.167570533150292,-1.6761360104408183
8.19448121675475,1.593324039376603
-5.2551827479003475,-1.598820268019527
-5.082638336427744,-2.298400523606763
-5.47817707285001,-1.9205754564871556
-3.2211486897387975,-1.4569600271469865
-2.9478598438799035,-0.34565627104139346
-1.3002821790831247,-1.7657027181612344
-5.685390423307349,-2.0867037114902454
-5.899638297573306,-2.0120277788861176
-5.583742198090341,-1.9881645510028831
-4.809314279586291,-1.7771029189162795
-5.067980990334636,-1.543166376183116
-3.752026884139562,-1.5876958859924986
-6.401500325867921,-2.1029511480226706
-5.500418067850948,-1.6395463822371197
-5.626222558879622,-1.524168022718607
-5.731365007322272,-1.890803375638677
-3.863501423604723,-0.874779233484933
-5.302649100523774,-1.7717345574255718
-5.834760982408943,-1.932393677125714
-6.10906012427458,-1.4264002100889106
-5.7789969450251855,-2.1650908300337326
-5.741452030157199,-1.4218044806140113
-2.250691194567813,-0.865225449656896
0.3166279238113142,-1.456162007660272
-0.3926996982575283,-1.0961152269980738
2.1836858035702003,0.7623581744247572
-5.862012321571308,-1.909601462128287
625.0816532334983,3305.460166085018
-5.991549059177018,-1.5934359510075926
-4.205182239862562,-1.3557013658874262
-1.0377432473277082,-0.8069813703052822
-5.409705363373206,-1.6577183695279327
-5.84932380673169,-2.0225617560628355
-4.533769852736755,-1.0281256598721662
-5.685681919961385,-1.9772525380364216
-5.76067354773907,-1.9890064256903286
-5.648689469262964,-1.6938972893413733
-4.4655768270739635,-1.7643158151620846
-5.848850613491268,-1.8027033172341513
-5.393550292193607,-2.276393697968509
-2.940588340866597,-1.6569090932935224
-5.498235978883323,-1.8323407135422225
-5.527275347014175,-1.7251651011151137
-5.05931734412021,-1.9762190815796001
-0.8542892164551045,-2.0483521492460857
-4.162448070171635,-2.020448108784413
-3.228109936196225,-0.9981133331070321
-5.605060383135166,-1.9289099620742585
-3.601586969758181,-2.239319662072668
-5.371964865224112,-1.8395088828115083
-2.2170285764805966,-0.5401875220124562
-3.7112513274531187,-1.9232768447657953
-5.706470723307136,-1.9276471359100185
-5.148714542620709,-2.0193309210204404
-5.821863516274304,-2.254596052849079
-5.593564694259695,-2.267959299236413
-5.04453843377047,-1.792082135293959
10.080473944110922,-2.837645130265026
-4.0557066383836125,0.0453337582765113
-5.4903112551743645,-1.8275721340654345
-2.7114333338408136,-0.22201372949599762
-3.4933540465446287,-2.8485211790147797
-4.768930046061396,-1.2244819159929987
-6.255346525635217,-1.8159228032721366
-4.367694794614539,-1.6231601349979836
-3.7601164596777097,-0.8923294772962672
-5.6424882634692155,-1.1722171203228564
-2.5764314692464345,-1.2289156201030025
-5.117173736264394,-1.5622158570103066
-5.653750613353895,-2.149677203704843
-5.657696711410736,-1.9725895600563415
-4.923193457223489,-1.1641707447653769
-5.555223124098729,-2.1945457807252904
-4.737540148180087,-1.9274563878046562
3.59800623560317,0.2717243884218224
-4.076241417701207,-2.1213881093493785
-5.294884169769627,-2.3381665171208788
-5.547121534367459,-1.5958593773026837
-4.746966821735972,-1.935617213475787
-5.63445009224408,-1.8697901582872862
-3.751699418248174,-2.080694878963922
-1.3422378021040646,-0.5369437390407509
-5.454736070502191,-1.869357536900714
-5.3038486889720815,-1.4792804826422692
-4.273464837105285,-1.4868374648521352
-4.890378310903915,-1.3534611312735871
-5.1615973933714505,-1.3176970361992186
-4.414138361397703,-1.954841668385957
-5.637272041061895,-1.725284621667098
-4.626986267918504,-1.80597752773705
-2.9621537167959664,-0.6027326739680121
-5.224611745207766,-1.2876683687062027
-4.1670652698613715,-0.6965395104485556
-4.950842461926816,-1.2813299512843785
-6.344977947118734,-1.7045150325476532
-5.580151240552789,-2.190323642598204
-4.201593574248493,-1.4458053155826665
-6.001736171504699,-1.8216866520595538
-5.212257029124533,-1.6077695911531225
-4.161117496850631,-1.2733996735825988
-5.9221877826758,-1.9404424746413325
-5.922150787228696,-1.758515091139628
-5.660101096014532,-2.258406086219641
-5.80839775513232,-2.0128325384860206
-5.626826025812876,-1.9993813862897225
-5.679336709091336,-1.784679469683225
-4.472917039152753,-2.0172396285219856
-3.843404607551209,-1.9094636418436912
-4.787560818458116,-1.5182033279379568
0.38633585521841574,1.844117547965016
0.7505731929854745,-1.0067385593641378
-1.9988557764300892,-0.7581779946491192
-5.532576377400942,-2.3058278661967355
-5.2682538160209775,-1.7471462530898696
-6.244231607336556,-1.7848052505090137
-5.642159728479625,-0.5680908711313848
-4.061918783932698,-1.768064884240383
-3.6553776938137026,-1.5494782692567803
3.2967695148042293,-0.6243854860946124
-5.743704975159726,-1.5144651549033699
-4.85177357097744,-1.3260857054138726
4.452286664207845,1.5635952206046435
-3.2640535353636406,-1.9555371442744922
-4.63931424737109,-1.6790893813055714
4.036618373570991,0.5194936736020889
0.8995943078062599,0.14160923068534514
3.039489968916569,-0.42198567221141664
-4.567949107861118,-1.0294882286932385
-3.6316715930391306,-2.1423233408298445
0.8730231094107417,-1.2268528926310485
-5.676537432175901,-1.6905460727118227
-2.40444335380539,-1.8125292306171712
-3.6484065628212226,-2.4618695635009287
-5.179367312510248,-1.6710984514509908
-3.322484981888673,-1.8101585685817094
-5.339787393432026,-2.0077568760450073
-5.603805163197823,-2.010867922362558
-5.078891171148465,-1.5832732272916952
-2.9418220330867784,-2.18148572066512
-5.792260254483465,-2.265648114616821
-4.18387213265242,0.047050420324486884
-4.918279815352004,-0.26993601870190004
-5.232994851551108,-2.1260655500434718
-5.355470222474535,-2.1011724355316357
-2.6790410302128977,-0.24149416555238765
-0.9423630536464123,-1.226976793746242
-5.201588622599645,-1.8890927617540019
-3.709231128433856,-2.234286211790973
-5.0557142437142115,-2.067522505322219
-5.536892167375444,-2.2448376797680965
-5.6174539815948314,-1.328015576336645
-4.591890769235858,-1.7341826468480577
-5.019158250069504,-1.687236727670799
2.9919019263587203,0.5467921226011635
-5.396341845727315,-1.8696401870851223
-5.246634905082846,-1.7341965171137996
-5.398145368128302,-1.376267206910231
-3.540161193690598,-1.144968019558854
-5.691895106731269,-1.9724939699825077
-5.760713601198465,-1.7820767506479485
-5.998847974064534,-2.055577580959969
-5.8387751695581045,-2.290076549105977
0.8514194116454652,1.9979877989965322
-5.590575140285677,-1.871795527204393
-4.0039241682222775,-1.8773772842595398
-5.009051855574894,-1.7351585444021946
0.01661530517699414,0.9256494728620333
-3.8678332667535495,-0.8215491498443103
3.8925064152780475,8.486699373786124
-5.752676997135652,-1.6796450693154499
-4.195075130167582,-1.5788975392299052
-4.99434584691974,-1.6652634345023085
-4.688338449569213,-0.12979634621985264
-5.517433503380777,-1.9688949053311728
-3.3337572885054754,-1.7633583167335836
-5.238530537664409,-2.1728459843952987
-4.675136128656304,-2.15208325642562
-5.6334762299104915,-1.7969966734921385
-3.510405763754252,-1.9910678120589078
-5.713228976159582,-2.130157643412479
-4.971540426431127,-2.0629443530159586
-3.615840089380375,-1.5265568991217178
12.610866261159266,0.501682396858711
-5.60086291777575,-1.9150173478997472
-5.4545897293798316,-1.929530407695051
-6.1355751531862115,-1.7452493329144207
-5.510909648281609,-2.003256544344828
-5.698364967271551,-2.506909655950716
-1.3013425986874192,-0.8175090466755747
-0.5674531519445707,-1.6285299866224583
-5.913290165836641,-1.8738287484234366
-3.293247512763984,-1.1128519561645915
-5.05511777934737,-1.1448895291081693
0.3374022017197161,-1.7498937117098556
-5.713486071443281,-2.0303210520831594
61.83357260058064,9.480377883300896
-5.194169635929811,-0.3373509703704787
-6.2064386216560115,-1.9951090582216724
-5.607496874684386,-1.8128857767988722
-3.174846855942564,-1.1742022643237382
-5.445417194697284,-2.3707937825568033
-4.731348850225361,-1.6812067551119183
-5.4379164904430475,-1.8325019585059203
-4.8527057411691805,-1.852470047092507
-4.541572287346984,-1.8401599217254083
-5.4099405474675315,-1.984303605326179
-5.58464050925501,-1.5401811577879967
1.247024601881281,-0.29055956425421003
-5.360682710302849,-2.1020921305482863
-6.396897656381325,-2.2061328448833284
3.699771876620257,-2.4503467825695835
-5.450005043869227,-1.1743439112108724
-5.314799722799098,-2.29479966134065
1.6876133185834903,-1.5027355886231384
-0.12738483682274795,-0.13890642394117925
-5.459125623837587,-1.4997938762295324
-2.794850197955328,-1.830541563543038
-5.344018379925241,-1.9911534951220664
-2.843333743403802,-1.3378561378186058
-5.508479555697851,-1.9880352407453177
-6.151954862842243,-1.9815491629200759
-4.740620456745388,-1.0821126831894468
-6.293980533420642,-2.0395847200165784
0.11506559396206026,-1.2755536335148745
-5.5157458518285445,-2.1496519457308145
26.239306404342326,3.9079662268125763
6.2840251193845456,2.4897145679088144
26.723347876560922,4.608380465797604
-1.975418828252145,-2.057086183213148
-3.3447684112471796,-1.9553028618414372
4.858486228211708,-0.09821480993911193
2.3799829827071997,-1.8545262935569533
-6.123439511360289,-2.135815219255455
-3.6595850939662404,-1.5571654036774056
-6.037388241424779,-1.1924093787959944
-6.142985238353487,-2.3300765254692206
-3.33413709948751,-0.4185055706710776
-6.122402027604768,-1.412649366172716
-5.340442745336417,-1.3364771973389007
-1.624491532065973,-2.06113526873301
-5.356577175834859,-1.3345653368230708
-4.438462802028829,-2.1923343711716523
-5.619380593441899,-2.187657087054891
-5.6605553429059885,-1.6517942622977435
-5.743658962063721,-1.6619453653373892
-3.1244779355148355,-1.726661936156751
-5.921558102153415,-2.038813230198892
-5.334104939935845,-1.977775784426383
-3.805303124879634,-1.4648448170467068
-6.224104623374823,-2.152023092883382
9.607377487982829,2.484193630736547
-5.766131514772757,-1.747272742562735
2.5533610520020424,0.29197349210637813
8.826223725177128,-0.21245963316549013
-5.425759392894512,-1.6290672757338376
-5.457456722532024,-1.6963949877502127
-4.24762815731918,-1.5632204058105694
-0.6739988727473097,-1.0721499558334728
-6.283458397479304,-2.169464375417064
-5.22951099574549,-1.836175433320266
-4.886904508931883,-1.7299542081570893
-5.521558289386925,-1.9042242233941875
-4.942334898899759,-1.8177595082240419
-4.402845853591441,-1.5905842206277494
-4.940031662190813,-1.2528889143365907
-5.510475916656548,-1.9626631547574422
-4.39985935215927,-1.8371389599523216
-2.7013131871875316,-1.5233546583089974
-5.101676792446571,-2.1379290864190357
-5.771851330342968,-1.7971042008602491
-5.423989830740928,-2.017731392300011
-5.439066745200474,-2.407238236554628
4.224544652879761,-0.6261443534749033
-4.446328788734125,-1.9967814683088638
-5.361664277257583,-1.564244806475309
-5.672217927009533,-1.9140118054047826
-5.667172865992015,-2.2881637313504846
-4.531939582847786,-2.1940356273828012
19.48374026290932,2.4629736808181213
-0.05588139889103729,-3.468009598627727
-4.471882586979511,-2.3426617812541988
-5.131311562014309,-2.4079401468193913
-3.588902108965052,-1.3217381457797712
-3.1287046534202982,-1.8938258363744824
-5.035807896208565,-2.337576831523329
-5.296191781305065,-2.0864045925519648
-3.054005333310004,-1.1763957641629321
-0.09739860477013619,0.09542554199554662
1.3732653039567244,1.6880608354518247
-4.9488704884775006,-2.195036417171544
-5.1162442207816765,-1.9950521130655736
-5.376459369997495,-1.6309473951413367
-1.448386558754424,-0.5324380212738719
0.0640534786137064,0.7651065737258559
-5.472834462791015,-2.26606692929905
-6.006831541299348,-1.6622660500974689
-5.310539452269611,-1.951520527077688
-2.271515890140642,0.3943249194551809
-4.861747668419983,-1.4124057006591009
-3.2295255181931632,-2.1208582943263425
-5.40705273502432,-2.4307074301814113
-4.094312003916106,-1.5063401341661706
-4.94865732406379,-1.8405822098176539
-4.325967455930745,-1.889969602212324
1.511514792417589,0.5081002282475185
-4.34532009484225,-1.9540458113140635
-5.3242304455922165,-1.6656473187165344
-3.2156214458169754,-2.358689353826162
-5.430687633602566,-2.027282411943367
-1.644920102376882,-1.1963790262690739
-5.741097800099345,-2.200250365356733
-1.633991757016673,-1.5980455544063372
-1.4645024777912716,-2.1926664281094546
-3.1185310938542536,-1.220277032142815
-3.829981156307508,-1.6368536857516136
0.33978412582117445,-2.0020698214051498
-5.204914882967972,-1.787226760916557
15.978474462338752,-1.274424896205854
-6.3474665874975145,-0.7594766673459364
-4.682679423585953,-2.0568930574028075
-1.6206762744723087,-1.4974194484355074
-5.102480433511285,-2.1808075600460133
-5.4701393598556605,-1.3184591243110582
-4.010902154772448,0.17944331483752157
-3.335634784177843,-1.880454978629963
-5.531033600188144,-1.8706978072981009
-6.155067290252796,-2.037261696716813
-5.7083635029652875,-1.709273663093263
-5.721393345953302,-1.8471601858630349
-5.150645575516265,-1.4159886239041148
-5.8340665842870525,-1.0596906582621342
-5.542042118881699,-2.0058570073829474
-4.258154179231338,-1.742970990739753
-5.339492266149565,-1.339868363026481
-4.674495879241308,-0.835662134814686
-3.096919277711962,-1.3769701646823307
-4.77172686426512,-2.3247795369379545
-3.88047119300031,-1.7636740842371452
-6.037358513154267,-1.782682662832422
-5.4554784385806325,-1.7163375973157304
-5.5127298076653135,-1.7722790500074248
-6.005317263151098,-1.7272190693587715
-3.523855551118059,-2.113222329975217
-5.98164690439812,-1.6993619091196173
1.2398447964158634,-0.25134677697145713
-5.4587425532258775,-2.3557368614260725
-5.723480948406283,-1.0255543215112677
-5.363315784402946,-1.783137441322464
-1.6330029066281377,-2.9040392248238778
-5.397365789613866,-1.4706085222564704
-3.552591960804047,-1.985797613983056
-4.116566751775555,-1.9423750417299284
-4.827803536759706,-1.817440527186083
11.926607317630596,0.314419729722305
-4.705986054861973,-1.9784770250748966
-5.598573786505731,-1.9797897415845949
-4.8271650414699,-1.3376801127392615
-3.9225050607629712,-1.8523559297510965
2.5240027520097077,0.9347143497783629
-2.0701371817935335,-1.075577653623719
-3.7076972939534354,-1.5804331948978319
-2.5296790979017207,-1.4063929620920617
-5.35281495195189,-1.5866080889743381
-5.575695577497555,-2.160430568929428
-4.949357028506144,-1.1762923981389546
-5.288285495986053,-1.7872472814978853
-5.309386856749166,-2.210241872769047
-5.630377884872518,-1.923779984406786
-6.262960268334922,-2.076273078271075
-2.7762639163039156,-0.9295851146774767
2.9731460661724007,1.1179291797384223
-4.495105856532646,-1.373674505769124
-2.978954956605095,-1.007786327452416
3.971802853113491,-0.16443555696446305
-4.528540651105913,-1.4480363099174767
-5.7511510454649635,-1.9947581590082586
-4.730034502329035,-1.973708954870629
-5.867763543094914,-1.8380401647473608
-6.1474358913463565,-2.1103068340403075
-5.113102406477518,-1.6521629787519116
-6.01291943401587,-2.416262527744357
-6.038112659814041,-1.4506676826674192
-5.573310070498301,-2.085321269175541
-5.781069389699371,-2.0547059515495136
-4.841954237196599,-1.6992945565867277
-4.891351834055954,-1.6210321357459672
-0.5796327824902251,-0.6161354909296377
-6.226008613665997,-0.7659924152027983
-6.015471909627417,-1.7266133293951031
-6.1918733779790225,-1.556619119945473
-5.813674772524835,-1.5789709186231087
-5.56286556351121,-1.652408208488136
-6.105735928499867,-1.9174909141188103
-5.48543324712778,-1.5608497133890025
-6.087121677209778,-2.1753133803572884
-5.47347446426985,-1.8143986971884825
-5.874312563184308,-1.9281571392734822
-2.8572391209358017,-2.537793213731617
-5.34863153583496,-1.1432035376508574
-6.037402037302949,-1.7424038129525046
-5.845094435299859,-1.5845896288405408
-4.734608234902773,-0.6619553907112611
-5.123731443879447,-1.4414465661171678
-5.00006623086235,-1.5933013254006538
-5.117226674310475,-1.5455821019383829
